sep=;
"Time";"CPU_USAGE";"MEMORY_USAGE";"Disk_write";"Disk_read";"TX_total";"TX_total";"TX_error";"TX_error";"RX_total";"RX_total";"RX_error";"RX_error"
"2019-03-23T19:16:00+07:00";9.781818181818181;1535340;39470.54545454545;0;30.370909090909088;0;0;0;3761.250909090909;0;0;0
"2019-03-23T19:18:00+07:00";9.858181818181817;1535712;40394.00727272727;759.6218181818182;22.98181818181818;2.036363636363636;0;0;3718.341818181818;0;0;0
"2019-03-23T19:20:00+07:00";9.549090909090909;1540976;39634.38545454545;759.6218181818182;13.905454545454544;2.036363636363636;0;0;3705.687272727272;0;0;0
"2019-03-23T19:22:00+07:00";9.869090909090907;1541640;42181.35272727272;0;26.12363636363636;0;0;0;3817.0472727272722;0;0;0
"2019-03-23T19:24:00+07:00";9.858181818181817;1541728;40542.95272727272;476.6254545454545;30.487272727272728;0;0;0;3747.636363636363;0;0;0
"2019-03-23T19:26:00+07:00";9.938181818181818;1537312;39962.06545454545;476.6254545454545;63.88363636363636;0;0;0;3460.2472727272725;0;0;0
"2019-03-23T19:28:00+07:00";10.06181818181818;1537452;39828.01454545454;0;55.21454545454545;0;0;0;3519.2145454545453;0;0;0
"2019-03-23T19:30:00+07:00";10.247272727272726;1537416;40885.527272727275;0;46.312727272727265;0;0;0;3890.996363636363;0;0;0
"2019-03-23T19:32:00+07:00";9.84;1538160;40736.58181818182;0;11.229090909090909;0;0;0;4302.225454545454;0;0;0
"2019-03-23T19:34:00+07:00";9.76;1538312;39932.27636363636;0;13.294545454545453;0;0;0;4477.556363636363;0;0;0
"2019-03-23T19:36:00+07:00";9.705454545454543;1538716;38949.23636363636;0;20.014545454545452;0;0;0;4145.221818181818;0;0;0
"2019-03-23T19:38:00+07:00";9.883636363636363;1538908;39574.807272727274;0;22.31272727272727;0;0;0;3989.76;0;0;0
"2019-03-23T19:40:00+07:00";10.149090909090908;1539060;40870.63272727272;0;16.23272727272727;0;0;0;3819.956363636363;0;0;0
"2019-03-23T19:42:00+07:00";10.214545454545455;1539212;41213.207272727275;327.68;19.025454545454544;0;0;0;3747.374545454545;0;0;0
"2019-03-23T19:44:00+07:00";9.865454545454543;1539432;39619.490909090906;327.68;19.025454545454544;0;0;0;3542.545454545454;0;0;0
"2019-03-23T19:46:00+07:00";10.214545454545455;1539308;41362.15272727272;0;10.298181818181817;0;0;0;3975.5636363636363;0;0;0
"2019-03-23T19:48:00+07:00";10.323636363636364;1540116;41525.99272727272;0;20.509090909090908;0;0;0;4303.185454545454;0;0;0
"2019-03-23T19:50:00+07:00";9.712727272727273;1539956;39857.803636363635;0;38.74909090909091;0;0;0;3871.127272727272;0;0;0
"2019-03-23T19:52:00+07:00";9.887272727272727;1540516;39589.70181818181;0;21.03272727272727;0;0;0;3640.581818181818;0;0;0
"2019-03-23T19:54:00+07:00";9.949090909090907;1540856;40483.37454545454;0;19.229090909090907;0;0;0;3622.894545454545;0;0;0
"2019-03-23T19:56:00+07:00";9.334545454545452;1540668;36834.21090909091;0;31.447272727272725;0;0;0;3523.898181818181;0;0;0
"2019-03-23T19:58:00+07:00";9.712727272727273;1540948;38159.82545454545;0;36.16;0;0;0;3557.149090909091;0;0;0
"2019-03-23T20:00:00+07:00";9.909090909090908;1541072;40319.534545454546;0;21.643636363636364;0;0;0;3697.309090909091;0;0;0
"2019-03-23T20:02:00+07:00";9.712727272727273;1541212;39530.123636363634;0;18.85090909090909;0;0;0;3611.141818181818;0;0;0
"2019-03-23T20:04:00+07:00";10.112727272727271;1541352;40781.26545454545;0;19.025454545454544;0;0;0;3619.0836363636363;0;0;0
"2019-03-23T20:06:00+07:00";9.97090909090909;1541540;40185.483636363635;0;25.629090909090905;0;0;0;3825.0181818181813;0;0;0
"2019-03-23T20:08:00+07:00";9.614545454545453;1541944;37921.51272727272;0;18.123636363636365;0;0;0;3806.778181818181;0;0;0
"2019-03-23T20:10:00+07:00";10.127272727272727;1542116;40796.16;0;19.75272727272727;0;0;0;3972.450909090909;0;0;0
"2019-03-23T20:12:00+07:00";9.607272727272726;1541880;39693.96363636363;0;30.050909090909087;0;0;0;3790.894545454545;0;0;0
"2019-03-23T20:14:00+07:00";10.058181818181819;1542056;44043.170909090906;0;19.025454545454544;2.036363636363636;0;0;3642.647272727272;0;0;0
"2019-03-23T20:16:00+07:00";9.552727272727273;1542404;42672.87272727272;0;8.727272727272727;2.036363636363636;0;0;3458.705454545454;0;0;0
"2019-03-23T20:18:00+07:00";10.399999999999999;1542532;45204.94545454545;0;13.439999999999998;2.036363636363636;0;0;3799.04;0;0;0
"2019-03-23T20:20:00+07:00";9.84;1542724;41213.207272727275;0;9.076363636363634;0;0;0;3499.752727272727;0;0;0
"2019-03-23T20:22:00+07:00";10.207272727272725;1543096;41600.46545454545;0;41.949090909090906;0;0;0;3676.858181818181;0;0;0
"2019-03-23T20:24:00+07:00";9.712727272727273;1543348;40021.64363636363;0;32.872727272727275;0;0;0;3643.490909090909;0;0;0
"2019-03-23T20:26:00+07:00";9.825454545454544;1544308;39902.487272727274;0;51.43272727272727;0;0;0;3577.309090909091;0;0;0
"2019-03-23T20:28:00+07:00";10.138181818181819;1544708;42509.03272727272;0;52.24727272727272;0;0;0;3443.723636363636;0;0;0
"2019-03-23T20:30:00+07:00";9.749090909090908;1544664;42017.51272727272;0;50.67636363636363;0;0;0;3449.9199999999996;0;0;0
"2019-03-23T20:32:00+07:00";9.487272727272726;1544988;40289.74545454545;0;29.32363636363636;0;0;0;3664.698181818181;0;0;0
"2019-03-23T20:34:00+07:00";9.814545454545454;1545144;41123.84;0;9.774545454545454;0;0;0;3874.0072727272723;0;0;0
"2019-03-23T20:36:00+07:00";9.338181818181818;1545392;39142.86545454545;0;10.996363636363634;0;0;0;3616.494545454545;0;0;0
"2019-03-23T20:38:00+07:00";9.607272727272726;1546012;40021.64363636363;0;15.01090909090909;0;0;0;3733.178181818181;0;0;0
"2019-03-23T20:40:00+07:00";9.523636363636363;1545916;39396.07272727272;0;10.647272727272727;0;0;0;3595.025454545454;0;0;0
"2019-03-23T20:42:00+07:00";9.879999999999999;1545884;40468.48;0;24.436363636363634;0;0;0;3583.767272727272;0;0;0
"2019-03-23T20:44:00+07:00";9.66181818181818;1546196;39530.123636363634;0;30.02181818181818;0;0;0;3793.774545454545;0;0;0
"2019-03-23T20:46:00+07:00";9.781818181818181;1546412;40200.378181818174;0;20.94545454545454;0;0;0;3919.8254545454542;0;0;0
"2019-03-23T20:48:00+07:00";9.287272727272725;1546580;39842.90909090909;0;22.167272727272728;0;0;0;3779.287272727272;0;0;0
"2019-03-23T20:50:00+07:00";9.927272727272726;1546724;43775.06909090909;0;20.596363636363634;0;0;0;3678.545454545454;0;0;0
"2019-03-23T20:52:00+07:00";9.527272727272726;1546820;42211.141818181815;0;14.66181818181818;0;0;0;3920.1745454545453;0;0;0
"2019-03-23T20:54:00+07:00";10.105454545454544;1547252;42523.92727272727;0;19.374545454545455;0;0;0;4348.18909090909;0;0;0
"2019-03-23T20:56:00+07:00";9.999999999999998;1547980;41004.68363636363;0;234.6472727272727;0;0;0;4624.756363636363;0;0;0
"2019-03-23T20:58:00+07:00";9.26181818181818;1548336;40766.3709090909;0;238.1672727272727;0;0;0;4142.981818181818;0;0;0
"2019-03-23T21:00:00+07:00";9.294545454545455;1548488;43149.49818181818;0;226.67636363636362;0;0;0;4062.167272727272;0;0;0
"2019-03-23T21:02:00+07:00";9.974545454545455;1548364;44564.479999999996;0;19.89818181818182;0;0;0;3784.349090909091;9.541818181818181;0;0
"2019-03-23T21:04:00+07:00";10.047272727272727;1548800;42643.08363636363;0;24.61090909090909;0;0;0;3466.24;9.541818181818181;0;0
"2019-03-23T21:06:00+07:00";9.898181818181817;1549424;39008.814545454545;0;13.439999999999998;0;0;0;3635.141818181818;0;0;0
"2019-03-23T21:08:00+07:00";9.727272727272727;1549184;40587.63636363636;0;30.254545454545454;0;0;0;4001.221818181818;0;0;0
"2019-03-23T21:10:00+07:00";9.930909090909092;1549824;44192.11636363636;0;48.29090909090909;0;0;0;5169.454545454545;0;0;0
"2019-03-23T21:12:00+07:00";10.058181818181819;1549884;45577.30909090909;0;33.04727272727273;0;0;0;5093.323636363636;0;0;0
"2019-03-23T21:14:00+07:00";10.06181818181818;1550200;42792.02909090909;0;22.516363636363632;2.036363636363636;0;0;4166.545454545454;0;0;0
"2019-03-23T21:16:00+07:00";9.774545454545454;1550568;38368.34909090909;0;16.58181818181818;2.036363636363636;0;0;3823.476363636363;0;0;0
"2019-03-23T21:18:00+07:00";9.603636363636364;1550724;40721.68727272727;0;14.66181818181818;0;0;0;3688.930909090909;0;0;0
"2019-03-23T21:20:00+07:00";9.636363636363637;1550600;43596.33454545454;0;21.06181818181818;0;0;0;3306.5599999999995;0;0;0
"2019-03-23T21:22:00+07:00";9.752727272727272;1550660;44400.63999999999;0;38.10909090909091;0;0;0;3469.934545454545;0;0;0
"2019-03-23T21:24:00+07:00";10.363636363636362;1551156;43298.443636363634;0;39.68;0;0;0;3695.476363636363;0;0;0
"2019-03-23T21:26:00+07:00";10.04;1551716;40259.95636363636;0;39.56363636363636;0;0;0;3801.0472727272722;0;0;0
"2019-03-23T21:28:00+07:00";9.843636363636362;1551964;41689.83272727272;0;50.61818181818182;0;0;0;3751.5636363636363;0;0;0
"2019-03-23T21:30:00+07:00";9.534545454545452;1551340;43194.181818181816;0;80.72727272727272;0;0;0;3678.254545454545;0;0;0
"2019-03-23T21:32:00+07:00";9.447272727272725;1551372;43313.33818181818;0;41.97818181818182;0;0;0;3356.770909090909;0;0;0
"2019-03-23T21:34:00+07:00";9.796363636363637;1551536;41943.04;0;10.298181818181817;0;0;0;3304.523636363636;0;0;0
"2019-03-23T21:36:00+07:00";9.658181818181818;1552560;39634.38545454545;0;5.934545454545455;0;0;0;3249.5127272727273;0;0;0
"2019-03-23T21:38:00+07:00";9.836363636363636;1552716;40319.534545454546;0;11.86909090909091;0;0;0;3576.232727272727;0;0;0
"2019-03-23T21:40:00+07:00";9.683636363636362;1552900;38800.2909090909;0;16.29090909090909;0;0;0;3488.0872727272726;0;0;0
"2019-03-23T21:42:00+07:00";9.596363636363636;1553276;39217.33818181818;0;17.338181818181816;0;0;0;3206.4872727272727;0;0;0
"2019-03-23T21:44:00+07:00";9.694545454545453;1553256;40245.06181818181;0;17.28;0;0;0;3225.9199999999996;0;0;0
"2019-03-23T21:46:00+07:00";10.101818181818182;1553520;40900.421818181814;0;20.94545454545454;0;0;0;3411.665454545454;0;0;0
"2019-03-23T21:48:00+07:00";9.879999999999999;1553800;40349.32363636363;0;24.087272727272726;0;0;0;3286.8363636363633;0;0;0
"2019-03-23T21:50:00+07:00";9.683636363636362;1554324;38830.08;0;19.723636363636363;0;0;0;3088.6399999999994;0;0;0
"2019-03-23T21:52:00+07:00";9.934545454545452;1554764;40483.37454545454;0;17.803636363636365;0;0;0;3014.894545454545;0;0;0
"2019-03-23T21:54:00+07:00";9.829090909090908;1554820;39500.33454545454;0;20.94545454545454;0;0;0;3257.105454545454;0;0;0
"2019-03-23T21:56:00+07:00";10.221818181818183;1554948;41108.94545454545;0;23.73818181818182;0;0;0;3566.283636363636;0;0;0
"2019-03-23T21:58:00+07:00";10.167272727272728;1555380;41972.82909090909;0;17.454545454545453;0;0;0;3600.0581818181813;0;0;0
"2019-03-23T22:00:00+07:00";9.97090909090909;1555536;40438.6909090909;0;11.519999999999998;0;0;0;3183.3890909090906;0;0;0
"2019-03-23T22:02:00+07:00";9.96;1555660;39604.59636363636;372.3636363636363;25.396363636363635;0;0;0;3567.970909090909;0;0;0
"2019-03-23T22:04:00+07:00";9.829090909090908;1556008;39530.123636363634;372.3636363636363;28.538181818181815;0;0;0;3547.432727272727;0;0;0
"2019-03-23T22:06:00+07:00";9.774545454545454;1555844;40230.167272727274;0;53.29454545454546;0;0;0;3894.167272727272;0;0;0
"2019-03-23T22:08:00+07:00";9.796363636363637;1555984;39887.59272727272;0;36.276363636363634;0;0;0;3614.021818181818;0;0;0
"2019-03-23T22:10:00+07:00";9.567272727272728;1556188;39157.76;0;34.70545454545454;0;0;0;3640.465454545454;0;0;0
"2019-03-23T22:12:00+07:00";9.792727272727273;1556156;39679.06909090909;0;36.24727272727273;0;0;0;3428.8872727272724;0;0;0
"2019-03-23T22:14:00+07:00";9.883636363636363;1556156;40170.58909090909;0;44.10181818181818;2.036363636363636;0;0;3556.043636363636;0;0;0
"2019-03-23T22:16:00+07:00";9.778181818181816;1563040;39723.752727272724;0;34.32727272727273;2.036363636363636;0;0;3268.072727272727;0;0;0
"2019-03-23T22:18:00+07:00";9.85090909090909;1563256;40647.214545454546;0;28.74181818181818;0;0;0;3161.5999999999995;0;0;0
"2019-03-23T22:20:00+07:00";9.687272727272726;1563352;39142.86545454545;0;5.178181818181818;0;0;0;3137.6872727272726;0;0;0
"2019-03-23T22:22:00+07:00";9.581818181818182;1558408;39783.3309090909;0;4.363636363636363;0;0;0;3389.061818181818;0;0;0
"2019-03-23T22:24:00+07:00";9.403636363636364;1558728;39947.170909090906;0;16.23272727272727;0;0;0;3333.061818181818;0;0;0
"2019-03-23T22:26:00+07:00";8.996363636363636;1559308;37921.51272727272;0;16.23272727272727;0;0;0;3461.8472727272724;0;0;0
"2019-03-23T22:28:00+07:00";8.854545454545454;1559572;37727.88363636364;0;65.97818181818181;0;0;0;3486.6036363636363;0;0;0
"2019-03-23T22:30:00+07:00";9.458181818181817;1559828;39142.86545454545;0;70.34181818181817;0;0;0;3271.3890909090906;0;0;0
"2019-03-23T22:32:00+07:00";9.549090909090909;1560160;39917.38181818181;0;67.14181818181818;0;0;0;3665.832727272727;9.541818181818181;0;0
"2019-03-23T22:34:00+07:00";9.694545454545453;1560216;39589.70181818181;0;52.130909090909086;0;0;0;3834.792727272727;9.541818181818181;0;0
"2019-03-23T22:36:00+07:00";9.872727272727271;1560220;39723.752727272724;0;32.75636363636363;0;0;0;3871.650909090909;0;0;0
"2019-03-23T22:38:00+07:00";9.818181818181818;1560460;39619.490909090906;0;28.712727272727275;0;0;0;4185.658181818181;0;0;0
"2019-03-23T22:40:00+07:00";9.967272727272729;1560560;40572.741818181814;0;10.647272727272727;0;0;0;4015.36;0;0;0
"2019-03-23T22:42:00+07:00";9.705454545454543;1560932;40364.21818181818;0;20.94545454545454;0;0;0;4209.890909090909;0;0;0
"2019-03-23T22:44:00+07:00";9.738181818181818;1561244;39589.70181818181;0;13.439999999999998;0;0;0;3602.763636363636;0;0;0
"2019-03-23T22:46:00+07:00";9.458181818181817;1561588;37936.40727272727;0;22.167272727272728;0;0;0;3168.4363636363637;0;0;0
"2019-03-23T22:48:00+07:00";9.876363636363637;1562652;39410.96727272727;0;29.672727272727272;0;0;0;3380.625454545454;0;0;0
"2019-03-23T22:50:00+07:00";9.843636363636362;1562808;39723.752727272724;0;36.68363636363636;0;0;0;3455.3309090909092;0;0;0
"2019-03-23T22:52:00+07:00";9.316363636363636;1562728;37906.61818181818;0;32.32;0;0;0;3180.4799999999996;0;0;0
"2019-03-23T22:54:00+07:00";9.727272727272727;1563268;39857.803636363635;0;19.025454545454544;0;0;0;3663.9418181818182;0;0;0
"2019-03-23T22:56:00+07:00";9.745454545454544;1563280;40051.432727272724;0;16.23272727272727;0;0;0;3535.0981818181813;0;0;0
"2019-03-23T22:58:00+07:00";9.716363636363637;1563688;39455.6509090909;0;11.86909090909091;0;0;0;3526.6036363636363;0;0;0
"2019-03-23T23:00:00+07:00";9.887272727272727;1563804;40334.429090909085;0;4.363636363636363;0;0;0;3427.170909090909;0;0;0
"2019-03-23T23:02:00+07:00";9.534545454545452;1563888;39559.91272727272;0;4.363636363636363;0;0;0;3513.861818181818;0;0;0
"2019-03-23T23:04:00+07:00";9.305454545454545;1563956;38204.50909090909;0;8.727272727272727;0;0;0;3427.752727272727;0;0;0
"2019-03-23T23:06:00+07:00";9.258181818181818;1564392;38457.71636363636;0;74.06545454545453;0;0;0;3998.370909090909;0;0;0
"2019-03-23T23:08:00+07:00";9.578181818181816;1564236;40423.796363636364;0;71.97090909090907;12.043636363636363;0;0;3858.938181818181;13.09090909090909;0;0
"2019-03-23T23:10:00+07:00";9.603636363636364;1564176;40021.64363636363;0;19.14181818181818;14.08;0;0;3367.0399999999995;13.09090909090909;0;0
"2019-03-23T23:12:00+07:00";9.719999999999999;1564484;39962.06545454545;0;19.665454545454544;2.036363636363636;0;0;3429.614545454545;0;0;0
"2019-03-23T23:14:00+07:00";9.632727272727273;1564684;40125.90545454545;0;4.363636363636363;2.036363636363636;0;0;3299.0836363636363;0;0;0
"2019-03-23T23:16:00+07:00";9.298181818181817;1564852;37951.30181818182;0;0;0;0;0;3231.68;0;0;0
"2019-03-23T23:18:00+07:00";9.367272727272727;1564976;39515.22909090909;119.15636363636362;6.138181818181818;0;0;0;3535.04;0;0;0
"2019-03-23T23:20:00+07:00";9.825454545454544;1564592;40662.109090909085;119.15636363636362;10.501818181818182;0;0;0;3773.672727272727;0;0;0
"2019-03-23T23:22:00+07:00";9.709090909090907;1565492;40885.527272727275;0;16.90181818181818;0;0;0;3703.010909090909;0;0;0
"2019-03-23T23:24:00+07:00";9.669090909090908;1565444;40751.476363636364;0;15.127272727272727;0;0;0;3544.232727272727;0;0;0
"2019-03-23T23:26:00+07:00";9.29090909090909;1565672;39053.49818181818;0;24.959999999999997;0;0;0;3458.8799999999997;0;0;0
"2019-03-23T23:28:00+07:00";9.17090909090909;1566004;38442.821818181816;0;44.276363636363634;0;0;0;3350.574545454545;0;0;0
"2019-03-23T23:30:00+07:00";9.432727272727272;1566048;40259.95636363636;0;58.47272727272727;0;0;0;3361.105454545454;0;0;0
"2019-03-23T23:32:00+07:00";9.578181818181816;1566220;40989.789090909086;0;51.025454545454544;0;0;0;3252.072727272727;0;0;0
"2019-03-23T23:34:00+07:00";9.843707954239665;1566624;41809.29315849569;0;26.531102044378503;0;0;0;3460.2433472243433;0;0;0
"2019-03-23T23:36:00+07:00";9.254545454545454;1566840;38740.71272727272;0;24.959999999999997;0;0;0;3530.269090909091;0;0;0
"2019-03-23T23:38:00+07:00";9.519999999999998;1566872;39857.803636363635;0;16.58181818181818;0;0;0;3473.9199999999996;0;0;0
"2019-03-23T23:40:00+07:00";9.854545454545454;1566840;41689.83272727272;0;16.58181818181818;0;0;0;3352.552727272727;0;0;0
"2019-03-23T23:42:00+07:00";9.454545454545453;1566992;39753.54181818182;0;8.203636363636363;0;0;0;3418.763636363636;0;0;0
"2019-03-23T23:44:00+07:00";9.719999999999999;1567428;40185.483636363635;0;12.916363636363634;0;0;0;3685.5272727272722;0;0;0
"2019-03-23T23:46:00+07:00";9.81090909090909;1567584;40647.214545454546;0;16.58181818181818;0;0;0;3752.290909090909;0;0;0
"2019-03-23T23:48:00+07:00";9.472727272727273;1568360;39902.487272727274;0;12.218181818181817;0;0;0;3285.5272727272727;0;0;0
"2019-03-23T23:50:00+07:00";9.930909090909092;1568296;41004.68363636363;0;8.727272727272727;0;0;0;3414.3999999999996;0;0;0
"2019-03-23T23:52:00+07:00";9.505454545454544;1568540;39440.75636363636;0;17.803636363636365;0;0;0;3247.4181818181814;0;0;0
"2019-03-23T23:54:00+07:00";9.501818181818182;1569260;40319.534545454546;0;22.458181818181817;0;0;0;3522.0072727272723;0;0;0
"2019-03-23T23:56:00+07:00";9.476363636363637;1569288;40200.378181818174;0;20.887272727272727;0;0;0;3901.381818181818;0;0;0
"2019-03-23T23:58:00+07:00";9.214545454545455;1569812;38174.72;0;16.23272727272727;0;0;0;3851.6945454545453;0;0;0
"2019-03-24T00:00:00+07:00";9.527272727272726;1569472;40408.90181818182;0;11.86909090909091;0;0;0;4059.461818181818;0;0;0
"2019-03-24T00:02:00+07:00";33.06545454545454;1356376;111267.83999999998;1366663.9127272726;681.0181818181818;45.14909090909091;0;0;5468.130909090909;56.32;0;0
"2019-03-24T00:04:00+07:00";33.65454545454545;1404212;125983.65090909091;1369181.0909090908;688.4654545454545;47.18545454545454;0;0;5499.22909090909;56.32;0;0
"2019-03-24T00:06:00+07:00";11.847272727272726;1407492;74325.64363636363;4036.4218181818183;33.71636363636363;6.1090909090909085;0;0;3953.3963636363633;0;0;0
"2019-03-24T00:08:00+07:00";9.469090909090909;1409408;44802.792727272725;253.2072727272727;23.97090909090909;2.036363636363636;0;0;3885.2654545454543;0;0;0
"2019-03-24T00:10:00+07:00";9.654545454545454;1385368;45577.30909090909;16652.101818181818;69.12;2.036363636363636;0;0;3951.534545454545;0;0;0
"2019-03-24T00:12:00+07:00";9.523636363636363;1365484;45487.94181818182;16830.836363636365;59.75272727272727;2.036363636363636;0;0;3701.469090909091;0;0;0
"2019-03-24T00:14:00+07:00";9.836363636363636;1365704;44445.32363636363;16830.836363636365;57.83272727272727;0;0;0;4043.3454545454542;0;0;0
"2019-03-24T00:16:00+07:00";9.705454545454543;1367424;42062.19636363636;3485.323636363636;3.956363636363636;0;0;0;3945.163636363636;0;0;0
"2019-03-24T00:18:00+07:00";9.479999999999999;1370500;43789.96363636363;6747.22909090909;7.447272727272726;0;0;0;3848.203636363636;0;0;0
"2019-03-24T00:20:00+07:00";9.127272727272727;1370140;45458.15272727272;6747.22909090909;18.094545454545454;2.036363636363636;0;0;3593.7454545454543;0;0;0
"2019-03-24T00:22:00+07:00";9.672727272727272;1370368;46753.97818181818;0;32.75636363636363;2.036363636363636;0;0;3772.770909090909;0;0;0
"2019-03-24T00:24:00+07:00";9.883636363636363;1370488;44221.90545454545;0;26.879999999999995;0;0;0;3855.709090909091;0;0;0
"2019-03-24T00:26:00+07:00";9.316363636363636;1370920;39723.752727272724;0;15.01090909090909;0;0;0;3711.36;0;0;0
"2019-03-24T00:28:00+07:00";9.552727272727273;1371944;42494.138181818176;0;13.439999999999998;0;0;0;3918.370909090909;0;0;0
"2019-03-24T00:30:00+07:00";9.418181818181818;1372480;44534.6909090909;357.4690909090909;18.15272727272727;0;0;0;3983.418181818181;0;0;0
"2019-03-24T00:32:00+07:00";9.283636363636361;1373196;44355.95636363636;357.4690909090909;11.86909090909091;0;0;0;3853.061818181818;0;0;0
"2019-03-24T00:34:00+07:00";9.472727272727273;1374000;42762.23999999999;0;15.127272727272727;0;0;0;3644.247272727272;0;0;0
"2019-03-24T00:36:00+07:00";9.174545454545454;1374248;39545.01818181818;0;23.679999999999996;0;0;0;3708.363636363636;0;0;0
"2019-03-24T00:38:00+07:00";9.479999999999999;1375312;43000.55272727272;0;14.603636363636364;2.036363636363636;0;0;3818.0072727272723;0;0;0
"2019-03-24T00:40:00+07:00";9.454545454545453;1375216;43938.90909090909;0;11.519999999999998;2.036363636363636;0;0;3590.021818181818;0;0;0
"2019-03-24T00:42:00+07:00";9.181818181818182;1375744;42985.65818181818;0;27.258181818181818;0;0;0;3887.7963636363634;0;0;0
"2019-03-24T00:44:00+07:00";9.829090909090908;1376216;43179.28727272727;0;30.749090909090906;0;0;0;4105.3381818181815;0;0;0
"2019-03-24T00:46:00+07:00";9.178181818181816;1376836;38413.03272727272;0;19.374545454545455;0;0;0;3492.334545454545;0;0;0
"2019-03-24T00:48:00+07:00";9.298181818181817;1377456;40885.527272727275;0;20.596363636363634;0;0;0;3612.363636363636;0;0;0
"2019-03-24T00:50:00+07:00";9.218181818181819;1378044;43775.06909090909;0;29.527272727272727;0;0;0;3557.381818181818;0;0;0
"2019-03-24T00:52:00+07:00";9.523636363636363;1380748;44713.425454545446;0;23.59272727272727;0;0;0;3491.8981818181815;0;0;0
"2019-03-24T00:54:00+07:00";9.647272727272727;1381528;42911.18545454545;0;11.519999999999998;0;0;0;3466.414545454545;0;0;0
"2019-03-24T00:56:00+07:00";9.083636363636362;1382180;39887.59272727272;0;8.727272727272727;0;0;0;3069.9927272727273;0;0;0
"2019-03-24T00:58:00+07:00";9.065454545454546;1383552;42881.39636363636;2412.9163636363637;11.519999999999998;0;0;0;3210.2690909090907;0;0;0
"2019-03-24T01:00:00+07:00";9.487272727272726;1383560;46262.458181818176;2412.9163636363637;24.116363636363634;0;0;0;3837.963636363636;0;0;0
"2019-03-24T01:02:00+07:00";9.65090909090909;1384368;46396.50909090909;476.6254545454545;44.654545454545456;0;0;0;3984.029090909091;0;0;0
"2019-03-24T01:04:00+07:00";9.305454545454545;1384988;42330.29818181818;476.6254545454545;65.6290909090909;0;0;0;3488.145454545454;0;0;0
"2019-03-24T01:06:00+07:00";9.396363636363636;1383404;40215.27272727272;0;51.025454545454544;0;0;0;3298.1236363636363;0;0;0
"2019-03-24T01:08:00+07:00";9.530909090909091;1384240;42062.19636363636;506.4145454545454;10.763636363636364;0;0;0;3224.7563636363634;0;0;0
"2019-03-24T01:10:00+07:00";9.643636363636363;1386788;43611.22909090909;506.4145454545454;17.745454545454542;0;0;0;3219.2290909090907;0;0;0
"2019-03-24T01:12:00+07:00";10.029090909090908;1387380;45428.36363636363;506.4145454545454;37.76;0;0;0;3488.6981818181816;0;0;0
"2019-03-24T01:14:00+07:00";9.89090909090909;1387536;43194.181818181816;0;28.74181818181818;2.036363636363636;0;0;3596.8872727272724;0;0;0
"2019-03-24T01:16:00+07:00";9.752727272727272;1388156;40885.527272727275;0;24.087272727272726;2.036363636363636;0;0;3733.4981818181814;0;0;0
"2019-03-24T01:18:00+07:00";9.41090909090909;1388720;41049.36727272727;476.6254545454545;22.516363636363632;2.036363636363636;0;0;3545.803636363636;0;0;0
"2019-03-24T01:20:00+07:00";9.734545454545453;1389472;41957.93454545455;476.6254545454545;19.374545454545455;0;0;0;3658.763636363636;0;0;0
"2019-03-24T01:22:00+07:00";9.479999999999999;1390280;40096.11636363636;0;4.363636363636363;0;0;0;3333.5563636363636;0;0;0
"2019-03-24T01:24:00+07:00";9.909090909090908;1390960;40885.527272727275;0;7.505454545454545;0;0;0;3549.149090909091;0;0;0
"2019-03-24T01:26:00+07:00";9.505454545454544;1391932;39232.23272727272;0;19.374545454545455;0;0;0;3821.614545454545;0;0;0
"2019-03-24T01:28:00+07:00";9.447272727272725;1392396;40602.53090909091;476.6254545454545;28.450909090909086;0;0;0;3576.1745454545453;0;0;0
"2019-03-24T01:30:00+07:00";9.614545454545453;1392796;40021.64363636363;476.6254545454545;17.803636363636365;0;0;0;2714.1236363636363;0;0;0
"2019-03-24T01:32:00+07:00";9.778181818181816;1393076;40796.16;476.6254545454545;19.374545454545455;0;0;0;2546.414545454545;0;0;0
"2019-03-24T01:34:00+07:00";9.54181818181818;1393760;40200.378181818174;0;19.374545454545455;0;0;0;2545.4254545454546;0;0;0
"2019-03-24T01:36:00+07:00";9.327272727272726;1394172;38889.65818181818;0;8.727272727272727;0;0;0;2836.5672727272727;0;0;0
"2019-03-24T01:38:00+07:00";9.567272727272728;1394568;40274.85090909091;0;4.363636363636363;0;0;0;3391.3599999999997;0;0;0
"2019-03-24T01:40:00+07:00";9.534545454545452;1395076;40334.429090909085;0;13.439999999999998;0;0;0;3333.5563636363636;0;0;0
"2019-03-24T01:42:00+07:00";9.472727272727273;1395636;40468.48;0;31.970909090909085;0;0;0;2559.1563636363635;0;0;0
"2019-03-24T01:44:00+07:00";9.407272727272726;1396192;42494.138181818176;0;34.24;0;0;0;2562.6472727272726;0;0;0
"2019-03-24T01:46:00+07:00";9.476363636363637;1396748;45100.68363636363;0;34.24;0;0;0;2698.0363636363636;0;0;0
"2019-03-24T01:48:00+07:00";9.185454545454546;1397256;42881.39636363636;0;24.349090909090908;0;0;0;3073.9490909090905;0;0;0
"2019-03-24T01:50:00+07:00";9.105454545454544;1397152;39842.90909090909;0;22.778181818181817;0;0;0;2812.2763636363634;0;0;0
"2019-03-24T01:52:00+07:00";9.592727272727272;1397564;40438.6909090909;0;1.2218181818181817;0;0;0;2494.661818181818;0;0;0
"2019-03-24T01:54:00+07:00";9.44;1398312;39887.59272727272;0;0;0;0;0;2732.5963636363635;0;0;0
"2019-03-24T01:56:00+07:00";9.407272727272726;1399404;39768.43636363636;0;4.363636363636363;0;0;0;2465.6;0;0;0
"2019-03-24T01:58:00+07:00";9.105454545454544;1399912;39515.22909090909;0;8.727272727272727;0;0;0;2452.712727272727;0;0;0
"2019-03-24T02:00:00+07:00";9.134545454545453;1400236;40185.483636363635;0;19.75272727272727;0;0;0;2680.261818181818;0;0;0
"2019-03-24T02:02:00+07:00";9.327272727272726;1401228;40587.63636363636;0;37.14909090909091;0;0;0;2929.861818181818;0;0;0
"2019-03-24T02:04:00+07:00";9.832727272727272;1402292;41257.89090909091;431.9418181818181;26.12363636363636;0;0;0;3000.494545454545;0;0;0
"2019-03-24T02:06:00+07:00";9.603636363636364;1402760;39485.44;908.5672727272728;49.45454545454545;0;0;0;2761.9490909090905;0;0;0
"2019-03-24T02:08:00+07:00";9.432727272727272;1403284;39351.38909090909;908.5672727272728;47.127272727272725;0;0;0;2698.6472727272726;0;0;0
"2019-03-24T02:10:00+07:00";9.694545454545453;1403468;39366.28363636363;506.4145454545454;20.509090909090908;0;0;0;2517.090909090909;0;0;0
"2019-03-24T02:12:00+07:00";10.145454545454545;1403996;41674.93818181818;29.789090909090906;22.836363636363632;0;0;0;2549.614545454545;0;0;0
"2019-03-24T02:14:00+07:00";9.567272727272728;1404380;38844.97454545454;0;15.01090909090909;0;0;0;2486.4872727272727;0;0;0
"2019-03-24T02:16:00+07:00";9.712727272727273;1405264;39589.70181818181;59.57818181818181;14.66181818181818;0;0;0;2705.9199999999996;0;0;0
"2019-03-24T02:18:00+07:00";9.552831485434387;1406020;42241.391724273366;491.5253620948593;42.88046778692132;2.036385851482016;0;0;3013.996516325633;0;0;0
"2019-03-24T02:20:00+07:00";9.24;1406548;41362.15272727272;476.6254545454545;43.22909090909091;2.036363636363636;0;0;2835.723636363636;0;0;0
"2019-03-24T02:22:00+07:00";9.145454545454546;1407052;38770.501818181816;0;24.436363636363634;2.036363636363636;0;0;2435.374545454545;0;0;0
"2019-03-24T02:24:00+07:00";9.196363636363635;1407764;38949.23636363636;0;4.363636363636363;0;0;0;2573.701818181818;0;0;0
"2019-03-24T02:26:00+07:00";9.247272727272726;1409932;39321.6;268.10181818181815;10.298181818181817;0;0;0;3077.9054545454546;0;0;0
"2019-03-24T02:28:00+07:00";9.127272727272727;1410656;41332.36363636363;268.10181818181815;11.519999999999998;0;0;0;3062.923636363636;0;0;0
"2019-03-24T02:30:00+07:00";9.349090909090908;1408580;42523.92727272727;744.7272727272726;27.199999999999996;0;0;0;3145.9199999999996;0;0;0
"2019-03-24T02:32:00+07:00";8.94181818181818;1409076;39113.07636363636;476.6254545454545;22.836363636363632;0;0;0;3038.1963636363635;0;0;0
"2019-03-24T02:34:00+07:00";8.64;1407160;38323.66545454545;0;4.363636363636363;0;0;0;2784.9890909090905;0;0;0
"2019-03-24T02:36:00+07:00";8.818149752182718;1407804;38874.62227410082;0;10.298144370384106;0;0;0;2751.9609019603563;0;0;0
"2019-03-24T02:38:00+07:00";8.825454545454544;1408016;38666.24;0;14.66181818181818;0;0;0;2797.381818181818;0;0;0
"2019-03-24T02:40:00+07:00";8.443636363636362;1408708;38100.24727272727;0;9.94909090909091;0;0;0;3009.192727272727;0;0;0
"2019-03-24T02:42:00+07:00";8.469090909090909;1409332;38949.23636363636;0;10.298181818181817;0;0;0;3185.774545454545;0;0;0
"2019-03-24T02:44:00+07:00";8.81090909090909;1409556;39828.01454545454;0;7.505454545454545;0;0;0;3220.712727272727;0;0;0
"2019-03-24T02:46:00+07:00";8.996363636363636;1409896;40185.483636363635;0;7.156363636363635;0;0;0;2582.72;0;0;0
"2019-03-24T02:48:00+07:00";9.29090909090909;1410300;40989.789090909086;0;7.156363636363635;0;0;0;2714.6763636363635;0;0;0
"2019-03-24T02:50:00+07:00";9.279999999999998;1410524;39366.28363636363;0;25.19272727272727;0;0;0;2659.5781818181817;0;0;0
"2019-03-24T02:52:00+07:00";9.130909090909093;1410924;39783.3309090909;0;30.952727272727273;0;0;0;2635.781818181818;0;0;0
"2019-03-24T02:54:00+07:00";8.945454545454545;1411420;40319.534545454546;0;26.589090909090906;0;0;0;2830.5454545454545;0;0;0
"2019-03-24T02:56:00+07:00";8.796363636363637;1411764;39396.07272727272;0;5.585454545454545;0;0;0;2504.581818181818;0;0;0
"2019-03-24T02:58:00+07:00";8.389090909090909;1412596;38368.34909090909;0;8.378181818181817;0;0;0;2523.781818181818;0;0;0
"2019-03-24T03:00:00+07:00";8.643636363636363;1413160;39679.06909090909;0;21.818181818181817;0;0;0;2843.461818181818;0;0;0
"2019-03-24T03:02:00+07:00";9.025454545454544;1413496;40483.37454545454;0;67.37454545454545;0;0;0;3160.0290909090904;0;0;0
"2019-03-24T03:04:00+07:00";9.232727272727272;1414400;41391.94181818182;0;67.72363636363636;0;0;0;3185.774545454545;0;0;0
"2019-03-24T03:06:00+07:00";8.919999999999998;1414712;40230.167272727274;0;15.01090909090909;0;0;0;3239.4763636363637;0;0;0
"2019-03-24T03:08:00+07:00";9.258181818181818;1414892;40989.789090909086;0;25.774545454545454;0;0;0;3308.2472727272725;0;0;0
"2019-03-24T03:10:00+07:00";9.036363636363635;1415360;40408.90181818182;0;42.35636363636363;0;0;0;3285.5272727272727;0;0;0
"2019-03-24T03:12:00+07:00";9.189090909090908;1415672;40036.53818181818;0;46.92363636363636;0;0;0;3223.7381818181816;0;0;0
"2019-03-24T03:14:00+07:00";9.396363636363636;1416416;40498.26909090909;0;29.64363636363636;0;0;0;2912.0872727272726;0;0;0
"2019-03-24T03:16:00+07:00";8.89090909090909;1416508;39693.96363636363;0;14.31272727272727;0;0;0;2714.9672727272728;0;0;0
"2019-03-24T03:18:00+07:00";8.563636363636363;1417000;39738.64727272727;223.4181818181818;14.66181818181818;2.036363636363636;0;0;2768.494545454545;0;0;0
"2019-03-24T03:20:00+07:00";8.767272727272728;1417620;40647.214545454546;223.4181818181818;17.512727272727272;2.036363636363636;0;0;4034.705454545454;0;0;0
"2019-03-24T03:22:00+07:00";9.163703008749152;1418044;41705.03058204059;0;25.018363769918327;0;0;0;4167.8266751030915;0;0;0
"2019-03-24T03:24:00+07:00";9.287272727272725;1418244;43730.38545454545;0;17.803636363636365;0;0;0;3160.465454545454;0;0;0
"2019-03-24T03:26:00+07:00";8.97090909090909;1418116;44207.0109090909;0;40.349090909090904;0;0;0;2834.792727272727;0;0;0
"2019-03-24T03:28:00+07:00";9.043636363636363;1418676;44132.53818181818;208.52363636363634;32.843636363636364;0;0;0;2670.574545454545;0;0;0
"2019-03-24T03:30:00+07:00";8.738181818181818;1418736;39679.06909090909;208.52363636363634;11.694545454545453;0;0;0;2375.854545454545;0;0;0
"2019-03-24T03:32:00+07:00";8.912727272727272;1420008;39857.803636363635;0;4.363636363636363;0;0;0;4388.945454545454;0;0;0
"2019-03-24T03:34:00+07:00";8.509090909090908;1420384;41511.098181818175;0;7.505454545454545;0;0;0;4358.923636363636;0;0;0
"2019-03-24T03:36:00+07:00";8.909090909090908;1420756;44519.796363636364;0;11.86909090909091;0;0;0;2639.7672727272725;0;0;0
"2019-03-24T03:38:00+07:00";9.032727272727271;1420832;43179.28727272727;0;19.374545454545455;0;0;0;2589.410909090909;0;0;0
"2019-03-24T03:40:00+07:00";8.585454545454546;1421468;39649.28;0;20.596363636363634;0;0;0;2357.9927272727273;0;0;0
"2019-03-24T03:42:00+07:00";8.807272727272727;1421464;39381.17818181818;0;23.73818181818182;0;0;0;2754.094545454545;0;0;0
"2019-03-24T03:44:00+07:00";9.385454545454547;1421624;43745.27999999999;0;24.959999999999997;0;0;0;3293.701818181818;0;0;0
"2019-03-24T03:46:00+07:00";9.24;1422552;44504.90181818182;0;11.519999999999998;0;0;0;3252.683636363636;0;0;0
"2019-03-24T03:48:00+07:00";9.16;1423636;42657.97818181818;0;9.94909090909091;0;0;0;2438.109090909091;0;0;0
"2019-03-24T03:50:00+07:00";8.86181818181818;1423944;38934.34181818182;0;5.585454545454545;0;0;0;2214.923636363636;0;0;0
"2019-03-24T03:52:00+07:00";9.269090909090908;1423048;40036.53818181818;253.2072727272727;5.585454545454545;0;0;0;2352;0;0;0
"2019-03-24T03:54:00+07:00";9.243636363636362;1423760;40528.058181818174;253.2072727272727;11.86909090909091;0;0;0;2463.7672727272725;0;0;0
"2019-03-24T03:56:00+07:00";8.876363636363637;1431508;38442.821818181816;0;13.439999999999998;0;0;0;2314.3563636363633;0;0;0
"2019-03-24T03:58:00+07:00";8.86181818181818;1432096;38234.29818181818;178.73454545454544;11.86909090909091;0;0;0;2267.490909090909;0;0;0
"2019-03-24T04:00:00+07:00";9.163636363636362;1432408;39634.38545454545;178.73454545454544;12.567272727272726;0;0;0;2561.192727272727;0;0;0
"2019-03-24T04:02:00+07:00";8.916363636363636;1427120;38844.97454545454;0;42.18181818181818;0;0;0;2869.7599999999998;0;0;0
"2019-03-24T04:04:00+07:00";9.316363636363636;1427260;40498.26909090909;0;84.53818181818181;0;0;0;2826.0363636363636;0;0;0
"2019-03-24T04:06:00+07:00";8.996363636363636;1427632;38383.24363636363;0;53.12;0;0;0;2449.890909090909;0;0;0
"2019-03-24T04:08:00+07:00";9.447272727272725;1427636;40915.31636363636;0;13.265454545454546;0;0;0;2705.1054545454544;0;0;0
"2019-03-24T04:10:00+07:00";9.025454545454544;1428140;40528.058181818174;476.6254545454545;25.25090909090909;0;0;0;2765.4690909090905;0;0;0
"2019-03-24T04:12:00+07:00";8.84;1428236;40230.167272727274;476.6254545454545;35.89818181818181;2.036363636363636;0;0;2712.814545454545;0;0;0
"2019-03-24T04:14:00+07:00";8.981818181818182;1428916;40111.0109090909;0;46.89454545454545;2.036363636363636;0;0;2861.8181818181815;0;0;0
"2019-03-24T04:16:00+07:00";8.930909090909092;1372216;39142.86545454545;0;24.087272727272726;2.036363636363636;0;0;2627.141818181818;0;0;0
"2019-03-24T04:18:00+07:00";9.225454545454545;1372800;41019.57818181818;0;25.658181818181816;0;0;0;2665.454545454545;0;0;0
"2019-03-24T04:20:00+07:00";9.04;1371288;40781.26545454545;0;5.934545454545455;0;0;0;2444.334545454545;0;0;0
"2019-03-24T04:22:00+07:00";9.007272727272726;1371816;40960;238.31272727272724;3.1418181818181816;0;0;0;2469.672727272727;0;0;0
"2019-03-24T04:24:00+07:00";9.04;1372312;40230.167272727274;238.31272727272724;13.439999999999998;0;0;0;2713.861818181818;0;0;0
"2019-03-24T04:26:00+07:00";8.727272727272727;1372836;38189.61454545455;0;28.8;0;0;0;2595.723636363636;0;0;0
"2019-03-24T04:28:00+07:00";9.021818181818182;1373052;39738.64727272727;0;22.865454545454543;0;0;0;2474.9381818181814;0;0;0
"2019-03-24T04:30:00+07:00";9.101818181818182;1373116;40304.64;0;36.85818181818181;0;0;0;2685.9927272727273;0;0;0
"2019-03-24T04:32:00+07:00";9.083636363636362;1374460;40587.63636363636;0;28.654545454545453;0;0;0;2783.3309090909092;0;0;0
"2019-03-24T04:34:00+07:00";8.905454545454544;1373984;40021.64363636363;0;39.3890909090909;0;0;0;2806.661818181818;0;0;0
"2019-03-24T04:36:00+07:00";9.036363636363635;1373984;40423.796363636364;0;30.109090909090906;0;0;0;2772.8581818181815;0;0;0
"2019-03-24T04:38:00+07:00";8.65090909090909;1374300;39693.96363636363;0;20.77090909090909;0;0;0;2704.9599999999996;0;0;0
"2019-03-24T04:40:00+07:00";8.843636363636362;1374816;40677.00363636363;0;2.7927272727272725;0;0;0;2915.3163636363633;0;0;0
"2019-03-24T04:42:00+07:00";8.898181818181817;1375660;42002.61818181818;0;11.519999999999998;0;0;0;3037.614545454545;0;0;0
"2019-03-24T04:44:00+07:00";8.676363636363636;1375872;40840.843636363636;0;19.025454545454544;0;0;0;2783.592727272727;0;0;0
"2019-03-24T04:46:00+07:00";8.574545454545454;1376772;39276.91636363636;0;22.167272727272728;0;0;0;2548.8581818181815;0;0;0
"2019-03-24T04:48:00+07:00";8.730909090909092;1377208;41064.26181818182;0;11.86909090909091;0;0;0;2490.094545454545;0;0;0
"2019-03-24T04:50:00+07:00";8.952727272727271;1377048;40930.21090909091;0;4.363636363636363;0;0;0;2656.6399999999994;0;0;0
"2019-03-24T04:52:00+07:00";8.74181818181818;1377484;39634.38545454545;0;4.363636363636363;0;0;0;2719.272727272727;0;0;0
"2019-03-24T04:54:00+07:00";8.883636363636363;1377532;39783.3309090909;0;14.66181818181818;0;0;0;2924.2181818181816;0;0;0
"2019-03-24T04:56:00+07:00";8.792727272727273;1377824;38874.763636363634;0;19.025454545454544;0;0;0;3850.909090909091;0;0;0
"2019-03-24T04:58:00+07:00";8.578181818181816;1378412;38815.18545454545;0;8.727272727272727;0;0;0;4730.734545454545;0;0;0
"2019-03-24T05:00:00+07:00";8.767272727272728;1378772;40051.432727272724;0;4.363636363636363;0;0;0;5367.563636363636;0;0;0
"2019-03-24T05:02:00+07:00";8.614545454545453;1379776;40721.68727272727;0;28.16;0;0;0;5430.865454545454;0;0;0
"2019-03-24T05:04:00+07:00";8.461818181818181;1380308;40111.0109090909;476.6254545454545;71.68;0;0;0;5590.4;0;0;0
"2019-03-24T05:06:00+07:00";8.945454545454545;1381480;39723.752727272724;476.6254545454545;47.88363636363636;0;0;0;5804.2472727272725;0;0;0
"2019-03-24T05:08:00+07:00";8.847272727272726;1381916;39768.43636363636;402.15272727272725;29.934545454545454;0;0;0;5691.985454545455;0;0;0
"2019-03-24T05:10:00+07:00";8.832727272727272;1382244;42196.24727272727;402.15272727272725;34.12363636363636;0;0;0;5556.770909090909;0;0;0
"2019-03-24T05:12:00+07:00";8.883636363636363;1382260;43581.439999999995;0;18.50181818181818;0;0;0;5263.767272727272;0;0;0
"2019-03-24T05:14:00+07:00";8.96;1382168;42270.719999999994;0;26.676363636363632;0;0;0;5340.043636363636;0;0;0
"2019-03-24T05:16:00+07:00";8.792727272727273;1382628;39708.85818181818;0;28.596363636363634;2.036363636363636;0;0;5444.567272727272;0;0;0
"2019-03-24T05:18:00+07:00";8.687272727272726;1382972;41332.36363636363;0;22.167272727272728;2.036363636363636;0;0;5437.585454545454;0;0;0
"2019-03-24T05:20:00+07:00";8.647272727272727;1382940;43268.65454545454;0;24.959999999999997;0;0;0;5076.596363636363;0;0;0
"2019-03-24T05:22:00+07:00";8.756363636363636;1383620;44519.796363636364;0;15.883636363636363;0;0;0;5035.403636363636;0;0;0
"2019-03-24T05:24:00+07:00";8.803636363636365;1384312;42657.97818181818;0;16.23272727272727;0;0;0;5752.290909090909;0;0;0
"2019-03-24T05:26:00+07:00";8.774545454545454;1384504;40408.90181818182;0;16.58181818181818;0;0;0;5960.785454545454;0;0;0
"2019-03-24T05:28:00+07:00";8.829090909090908;1384528;40706.792727272725;0;19.374545454545455;0;0;0;5399.941818181818;0;0;0
"2019-03-24T05:30:00+07:00";8.396363636363636;1385028;39187.54909090909;0;16.23272727272727;0;0;0;4894.4290909090905;0;0;0
"2019-03-24T05:32:00+07:00";8.818181818181818;1386516;41362.15272727272;0;4.363636363636363;0;0;0;5028.82909090909;0;0;0
"2019-03-24T05:34:00+07:00";8.236363636363636;1386272;38621.55636363636;0;4.363636363636363;0;0;0;4882.007272727272;0;0;0
"2019-03-24T05:36:00+07:00";8.37090909090909;1387300;38859.86909090909;0;10.298181818181817;0;0;0;5347.403636363636;0;0;0
"2019-03-24T05:38:00+07:00";8.552727272727273;1387756;39813.12;0;10.298181818181817;0;0;0;5539.054545454545;0;0;0
"2019-03-24T05:40:00+07:00";8.45090909090909;1388060;39425.86181818182;0;15.01090909090909;0;0;0;5530.298181818182;0;0;0
"2019-03-24T05:42:00+07:00";8.24;1388404;39470.54545454545;0;9.076363636363634;0;0;0;5257.745454545454;0;0;0
"2019-03-24T05:44:00+07:00";8.34181818181818;1388396;39425.86181818182;0;3.84;0;0;0;5212.887272727272;0;0;0
"2019-03-24T05:46:00+07:00";8.549090909090909;1388592;39872.698181818174;0;8.203636363636363;0;0;0;5384.407272727272;0;0;0
"2019-03-24T05:48:00+07:00";8.552727272727273;1388900;40617.425454545446;476.6254545454545;13.09090909090909;0;0;0;5230.225454545454;0;0;0
"2019-03-24T05:50:00+07:00";8.81090909090909;1388340;44579.37454545454;476.6254545454545;13.09090909090909;0;0;0;4968.1163636363635;0;0;0
"2019-03-24T05:52:00+07:00";8.854545454545454;1388688;44921.94909090909;0;24.116363636363634;0;0;0;4960.523636363636;0;0;0
"2019-03-24T05:54:00+07:00";8.778181818181816;1388868;42330.29818181818;0;19.75272727272727;0;0;0;5743.010909090909;0;0;0
"2019-03-24T05:56:00+07:00";8.796363636363637;1389332;38993.92;0;1.2218181818181817;0;0;0;5699.665454545454;0;0;0
"2019-03-24T05:58:00+07:00";8.952727272727271;1389548;41466.41454545454;0;7.97090909090909;0;0;0;5420.9745454545455;0;0;0
"2019-03-24T06:00:00+07:00";8.752727272727272;1389988;43819.752727272724;0;22.98181818181818;0;0;0;4882.210909090909;0;0;0
"2019-03-24T06:02:00+07:00";8.458181818181817;1390204;43745.27999999999;0;30.778181818181814;0;0;0;5192.203636363636;0;0;0
"2019-03-24T06:04:00+07:00";8.101818181818182;1390876;41645.149090909086;0;87.62181818181817;0;0;0;5667.199999999999;0;0;0
"2019-03-24T06:06:00+07:00";8.229090909090909;1391028;39932.27636363636;0;68.71272727272726;0;0;0;5837.44;0;0;0
"2019-03-24T06:08:00+07:00";8.429090909090908;1391512;41466.41454545454;0;5.934545454545455;0;0;0;5237.818181818181;0;0;0
"2019-03-24T06:10:00+07:00";8.29090909090909;1391604;43089.91999999999;0;13.439999999999998;0;0;0;5208.02909090909;0;0;0
"2019-03-24T06:12:00+07:00";8.34181818181818;1391516;44236.799999999996;0;22.80727272727273;0;0;0;5504.727272727272;0;0;0
"2019-03-24T06:14:00+07:00";8.403636363636364;1394336;42002.61818181818;0;23.33090909090909;0;0;0;5523.170909090909;0;0;0
"2019-03-24T06:16:00+07:00";8.309090909090909;1394476;39142.86545454545;0;8.02909090909091;0;0;0;5135.767272727272;0;0;0
"2019-03-24T06:18:00+07:00";8.519999999999998;1394924;42732.450909090905;476.6254545454545;3.84;0;0;0;5132.130909090909;0;0;0
"2019-03-24T06:20:00+07:00";8.614545454545453;1395000;45100.68363636363;476.6254545454545;3.84;2.036363636363636;0;0;5012.18909090909;0;0;0
"2019-03-24T06:22:00+07:00";8.825454545454544;1393772;44013.38181818181;0;2.7927272727272725;2.036363636363636;0;0;4895.185454545454;0;0;0
"2019-03-24T06:24:00+07:00";9.036363636363635;1394304;41764.30545454545;0;11.519999999999998;2.036363636363636;0;0;4903.243636363636;0;0;0
"2019-03-24T06:26:00+07:00";10.05090909090909;1467692;61425.10545454545;148893.3236363636;13.09090909090909;0;0;0;4890.036363636363;0;0;0
"2019-03-24T06:28:00+07:00";10.385454545454545;1468824;64761.483636363635;149786.99636363637;4.363636363636363;0;0;0;4915.490909090909;0;0;0
"2019-03-24T06:30:00+07:00";9.563636363636363;1469164;51460.65454545454;893.6727272727272;4.363636363636363;0;0;0;5074.705454545454;0;0;0
"2019-03-24T06:32:00+07:00";8.785454545454545;1469320;42821.81818181818;0;0;0;0;0;4726.1963636363635;0;0;0
"2019-03-24T06:34:00+07:00";8.74181818181818;1468700;41138.73454545454;0;19.69454545454545;0;0;0;4847.1563636363635;0;0;0
"2019-03-24T06:36:00+07:00";9.043636363636363;1469192;39947.170909090906;0;24.05818181818182;0;0;0;4898.58909090909;0;0;0
"2019-03-24T06:38:00+07:00";8.952727272727271;1469848;41019.57818181818;0;22.167272727272728;0;0;0;4659.781818181818;0;0;0
"2019-03-24T06:40:00+07:00";9.083636363636362;1470096;42985.65818181818;0;23.73818181818182;0;0;0;4939.345454545454;0;0;0
"2019-03-24T06:42:00+07:00";9.421818181818182;1470248;44683.63636363636;0;20.94545454545454;0;0;0;5223.098181818181;0;0;0
"2019-03-24T06:44:00+07:00";9.319999999999999;1470240;43760.174545454545;0;16.58181818181818;0;0;0;5015.592727272727;0;0;0
"2019-03-24T06:46:00+07:00";9.196363636363635;1470628;40662.109090909085;0;7.505454545454545;0;0;0;5009.3381818181815;0;0;0
"2019-03-24T06:48:00+07:00";9.763636363636362;1480724;65863.68;6851.490909090909;90.9090909090909;0;0;0;5267.839999999999;0;0;0
"2019-03-24T06:50:00+07:00";9.767272727272728;1480572;64865.74545454545;6851.490909090909;98.41454545454545;0;0;0;5169.94909090909;0;0;0
"2019-03-24T06:52:00+07:00";9.298181818181817;1480944;40632.32;0;28.218181818181815;0;0;0;4744.494545454545;0;0;0
"2019-03-24T06:54:00+07:00";9.683636363636362;1481256;42360.08727272727;0;22.749090909090906;0;0;0;4875.112727272727;0;0;0
"2019-03-24T06:56:00+07:00";9.632727272727273;1481844;41660.04363636363;0;10.763636363636364;0;0;0;4830.923636363636;0;0;0
"2019-03-24T06:58:00+07:00";9.545454545454547;1482680;40900.421818181814;0;8.727272727272727;0;0;0;5032.66909090909;0;0;0
"2019-03-24T07:00:00+07:00";9.549090909090909;1484416;40632.32;0;10.298181818181817;0;0;0;5224.436363636363;0;0;0
"2019-03-24T07:02:00+07:00";9.229090909090909;1484472;39962.06545454545;0;35.54909090909091;0;0;0;5113.483636363636;0;0;0
"2019-03-24T07:04:00+07:00";9.181818181818182;1486184;40468.48;0;70.34181818181817;0;0;0;4590.225454545454;0;0;0
"2019-03-24T07:06:00+07:00";9.149090909090908;1485160;40200.378181818174;0;43.86909090909091;0;0;0;4433.803636363636;0;0;0
"2019-03-24T07:08:00+07:00";9.076363636363636;1485348;39962.06545454545;0;46.66181818181818;0;0;0;4543.796363636363;0;0;0
"2019-03-24T07:10:00+07:00";9.101818181818182;1484724;40557.847272727275;0;8.727272727272727;0;0;0;4570.58909090909;0;0;0
"2019-03-24T07:12:00+07:00";8.829090909090908;1484852;39470.54545454545;0;8.727272727272727;0;0;0;4388.16;0;0;0
"2019-03-24T07:14:00+07:00";8.821818181818182;1485844;39038.60363636363;0;13.09090909090909;0;0;0;4393.396363636363;0;0;0
"2019-03-24T07:16:00+07:00";9.05090909090909;1485964;39723.752727272724;0;34.90909090909091;0;0;0;4246.952727272727;0;0;0
"2019-03-24T07:18:00+07:00";9.625454545454543;1486432;43789.96363636363;0;26.18181818181818;0;0;0;4425.6;0;0;0
"2019-03-24T07:20:00+07:00";9.574545454545454;1486148;45368.78545454545;0;4.363636363636363;0;0;0;4374.894545454546;0;0;0
"2019-03-24T07:22:00+07:00";9.396363636363636;1486400;44266.58909090909;0;8.727272727272727;0;0;0;4269.992727272727;0;0;0
"2019-03-24T07:24:00+07:00";9.258181818181818;1486492;41377.04727272727;0;23.039999999999996;2.036363636363636;0;0;4411.170909090909;0;0;0
"2019-03-24T07:26:00+07:00";9.403636363636364;1487080;40125.90545454545;0;25.658181818181816;2.036363636363636;0;0;4917.381818181818;0;0;0
"2019-03-24T07:28:00+07:00";8.854545454545454;1487580;38085.35272727272;0;8.203636363636363;0;0;0;4613.061818181818;0;0;0
"2019-03-24T07:30:00+07:00";9.189090909090908;1487792;39098.181818181816;0;11.86909090909091;0;0;0;4515.86909090909;0;0;0
"2019-03-24T07:32:00+07:00";9.399999999999999;1488416;40364.21818181818;0;9.076363636363634;0;0;0;4853.381818181818;0;0;0
"2019-03-24T07:34:00+07:00";9.26181818181818;1488908;39157.76;0;11.519999999999998;0;0;0;4910.08;0;0;0
"2019-03-24T07:36:00+07:00";9.119999999999997;1489408;38130.03636363636;0;28.10181818181818;0;0;0;4859.403636363636;0;0;0
"2019-03-24T07:38:00+07:00";8.952727272727271;1489684;39381.17818181818;0;25.54181818181818;0;0;0;4271.098181818181;0;0;0
"2019-03-24T07:40:00+07:00";8.967272727272729;1489584;39559.91272727272;0;19.723636363636363;0;0;0;4270.516363636363;0;0;0
"2019-03-24T07:42:00+07:00";9.385454545454547;1489652;42136.66909090909;0;21.06181818181818;0;0;0;4663.330909090909;0;0;0
"2019-03-24T07:44:00+07:00";9.283636363636361;1490412;44251.69454545454;0;17.803636363636365;0;0;0;5008.465454545454;0;0;0
"2019-03-24T07:46:00+07:00";9.069090909090908;1490616;45145.36727272727;0;8.727272727272727;0;0;0;5123.316363636363;0;0;0
"2019-03-24T07:48:00+07:00";8.76;1490896;42940.97454545454;0;10.298181818181817;0;0;0;5218.0654545454545;0;0;0
"2019-03-24T07:50:00+07:00";8.716363636363637;1491268;39991.854545454546;0;10.298181818181817;0;0;0;4819.578181818181;0;0;0
"2019-03-24T07:52:00+07:00";8.712727272727273;1491828;38666.24;0;9.192727272727272;0;0;0;4608.407272727272;0;0;0
"2019-03-24T07:54:00+07:00";9.181818181818182;1492632;39991.854545454546;0;12.334545454545454;0;0;0;4867.898181818181;0;0;0
"2019-03-24T07:56:00+07:00";9.192727272727272;1492784;39276.91636363636;0;19.287272727272725;0;0;0;4890.472727272727;0;0;0
"2019-03-24T07:58:00+07:00";8.89090909090909;1495176;39053.49818181818;387.25818181818175;15.27272727272727;0;0;0;4548.334545454545;0;0;0
"2019-03-24T08:00:00+07:00";8.909090909090908;1495204;39828.01454545454;655.36;20.683636363636364;0;0;0;4492.450909090909;0;0;0
"2019-03-24T08:02:00+07:00";9.283636363636361;1495544;40900.421818181814;744.7272727272726;33.10545454545454;0;0;0;4329.309090909091;0;0;0
"2019-03-24T08:04:00+07:00";9.018181818181818;1494872;39664.174545454545;476.6254545454545;24.55272727272727;0;0;0;4136;0;0;0
"2019-03-24T08:06:00+07:00";8.919999999999998;1495028;40394.00727272727;0;43.519999999999996;0;0;0;4295.185454545454;0;0;0
"2019-03-24T08:08:00+07:00";8.872727272727271;1495244;40081.22181818182;0;46.66181818181818;0;0;0;4789.847272727272;0;0;0
"2019-03-24T08:10:00+07:00";8.879999999999999;1496188;40111.0109090909;0;27.49090909090909;0;0;0;5054.254545454545;0;0;0
"2019-03-24T08:12:00+07:00";9.192727272727272;1496424;40572.741818181814;0;39.68;0;0;0;5214.10909090909;0;0;0
"2019-03-24T08:14:00+07:00";9.24;1496824;40111.0109090909;0;25.629090909090905;0;0;0;4970.472727272727;0;0;0
"2019-03-24T08:16:00+07:00";9.498181818181816;1496916;39917.38181818181;0;30.34181818181818;0;0;0;4978.327272727272;0;0;0
"2019-03-24T08:18:00+07:00";9.210909090909091;1497600;40125.90545454545;938.3563636363635;11.86909090909091;0;0;0;4894.574545454545;0;0;0
"2019-03-24T08:20:00+07:00";9.498181818181816;1498220;42628.18909090909;938.3563636363635;11.86909090909091;0;0;0;4950.545454545454;0;0;0
"2019-03-24T08:22:00+07:00";9.036363636363635;1498280;39976.96;0;10.298181818181817;0;0;0;4233.512727272727;0;0;0
"2019-03-24T08:24:00+07:00";9.232727272727272;1498624;40021.64363636363;0;22.167272727272728;2.036363636363636;0;0;5036.334545454545;0;0;0
"2019-03-24T08:26:00+07:00";8.927272727272726;1498500;38487.50545454545;0;19.43272727272727;2.036363636363636;0;0;5092.945454545454;0;0;0
"2019-03-24T08:28:00+07:00";8.803636363636365;1499120;38725.81818181818;0;11.927272727272726;0;0;0;4627.636363636363;0;0;0
"2019-03-24T08:30:00+07:00";8.716363636363637;1499212;38025.774545454544;0;11.927272727272726;0;0;0;4360.872727272727;0;0;0
"2019-03-24T08:32:00+07:00";8.89090909090909;1499116;38800.2909090909;0;5.585454545454545;0;0;0;4165.614545454545;0;0;0
"2019-03-24T08:34:00+07:00";8.963636363636363;1499116;38755.60727272727;0;12.567272727272726;0;0;0;4295.767272727272;0;0;0
"2019-03-24T08:36:00+07:00";9.094545454545454;1499152;39157.76;0;15.709090909090907;0;0;0;4403.636363636363;0;0;0
"2019-03-24T08:38:00+07:00";9.079999999999998;1499432;39887.59272727272;0;9.076363636363634;0;0;0;4373.556363636363;0;0;0
"2019-03-24T08:40:00+07:00";9.014545454545454;1499368;39545.01818181818;0;10.298181818181817;0;0;0;4263.912727272727;0;0;0
"2019-03-24T08:42:00+07:00";9.258181818181818;1500116;39217.33818181818;0;11.86909090909091;0;0;0;4539.723636363636;0;0;0
"2019-03-24T08:44:00+07:00";9.392727272727273;1499896;38457.71636363636;0;17.803636363636365;0;0;0;4619.898181818181;0;0;0
"2019-03-24T08:46:00+07:00";9.258181818181818;1501260;38889.65818181818;0;10.298181818181817;0;0;0;4333.818181818181;0;0;0
"2019-03-24T08:48:00+07:00";9.330909090909092;1501320;39947.170909090906;0;0;0;0;0;4291.2;0;0;0
"2019-03-24T08:50:00+07:00";9.174545454545454;1501940;39262.02181818182;0;4.363636363636363;0;0;0;4337.92;0;0;0
"2019-03-24T08:52:00+07:00";9.203636363636363;1502652;39783.3309090909;0;10.123636363636363;0;0;0;4471.098181818181;0;0;0
"2019-03-24T08:54:00+07:00";8.879999999999999;1502900;38100.24727272727;0;35.60727272727273;0;0;0;4380.392727272727;0;0;0
"2019-03-24T08:56:00+07:00";8.94181818181818;1505144;38830.08;29.789090909090906;452.65454545454537;0;0;0;4999.476363636363;0;0;0
"2019-03-24T08:58:00+07:00";9.265454545454546;1505172;41242.99636363636;29.789090909090906;453.1490909090909;0;0;0;5029.236363636363;0;0;0
"2019-03-24T09:00:00+07:00";9.003636363636364;1505236;40513.163636363635;29.789090909090906;450.530909090909;0;0;0;4744.3781818181815;0;0;0
"2019-03-24T09:02:00+07:00";9.356363636363636;1505976;40662.109090909085;0;28.916363636363634;0;0;0;4510.458181818181;0;0;0
"2019-03-24T09:04:00+07:00";9.283636363636361;1506632;41272.78545454545;0;77.49818181818182;0;0;0;4552.261818181818;0;0;0
"2019-03-24T09:06:00+07:00";9.094545454545454;1504896;39366.28363636363;0;57.309090909090905;0;0;0;4218.24;0;0;0
"2019-03-24T09:08:00+07:00";9.094545454545454;1504432;39798.22545454545;0;58.88;0;0;0;4385.192727272727;0;0;0
"2019-03-24T09:10:00+07:00";9.469090909090909;1507216;40111.0109090909;0;23.563636363636363;0;0;0;4342.167272727273;0;0;0
"2019-03-24T09:12:00+07:00";9.443636363636362;1507416;40051.432727272724;0;24.436363636363634;0;0;0;4280.989090909091;0;0;0
"2019-03-24T09:14:00+07:00";9.469090909090909;1507756;39276.91636363636;0;23.563636363636363;0;0;0;4031.970909090909;0;0;0
"2019-03-24T09:16:00+07:00";9.407272727272726;1505524;38517.29454545455;0;13.439999999999998;0;0;0;4320.581818181818;0;0;0
"2019-03-24T09:18:00+07:00";9.527272727272726;1506204;40915.31636363636;0;0;0;0;0;4749.44;0;0;0
"2019-03-24T09:20:00+07:00";9.287272727272725;1506016;39887.59272727272;0;15.33090909090909;2.036363636363636;0;0;4547.054545454545;0;0;0
"2019-03-24T09:22:00+07:00";9.174545454545454;1505924;38770.501818181816;0;19.69454545454545;2.036363636363636;0;0;4429.701818181818;0;0;0
"2019-03-24T09:24:00+07:00";9.396363636363636;1505984;40200.378181818174;0;24.05818181818182;0;0;0;4689.92;0;0;0
"2019-03-24T09:26:00+07:00";9.432727272727272;1507224;40170.58909090909;0;13.439999999999998;0;0;0;4650.501818181818;0;0;0
"2019-03-24T09:28:00+07:00";9.229090909090909;1507568;38666.24;0;17.803636363636365;0;0;0;4594.152727272727;0;0;0
"2019-03-24T09:30:00+07:00";9.319999999999999;1507784;39381.17818181818;0;19.69454545454545;0;0;0;4553.978181818181;0;0;0
"2019-03-24T09:32:00+07:00";9.272727272727272;1508280;39008.814545454545;0;18.123636363636365;0;0;0;4388.48;0;0;0
"2019-03-24T09:34:00+07:00";9.607272727272726;1508308;41928.14545454545;0;14.66181818181818;0;0;0;4513.367272727272;0;0;0
"2019-03-24T09:36:00+07:00";9.683636363636362;1508964;44341.06181818181;0;8.727272727272727;0;0;0;4193.221818181818;0;0;0
"2019-03-24T09:38:00+07:00";9.152727272727272;1509052;41704.72727272727;0;8.727272727272727;0;0;0;4084.4218181818183;0;0;0
"2019-03-24T09:40:00+07:00";9.672727272727272;1510108;42091.98545454545;0;8.727272727272727;0;0;0;4201.3381818181815;0;0;0
"2019-03-24T09:42:00+07:00";9.654545454545454;1510048;39917.38181818181;0;14.138181818181817;0;0;0;4171.927272727272;0;0;0
"2019-03-24T09:44:00+07:00";9.418181818181818;1509768;38874.763636363634;0;10.996363636363634;0;0;0;3871.9418181818182;0;0;0
"2019-03-24T09:46:00+07:00";9.218181818181819;1509952;38323.66545454545;0;10.298181818181817;0;0;0;3508.218181818181;0;0;0
"2019-03-24T09:48:00+07:00";9.556363636363637;1510948;40632.32;476.6254545454545;8.727272727272727;0;0;0;4018.3563636363633;0;0;0
"2019-03-24T09:50:00+07:00";9.501818181818182;1511160;40617.425454545446;953.250909090909;15.01090909090909;0;0;0;4701.294545454545;0;0;0
"2019-03-24T09:52:00+07:00";9.25090909090909;1511596;40394.00727272727;476.6254545454545;20.94545454545454;0;0;0;4500.218181818182;0;0;0
"2019-03-24T09:54:00+07:00";9.516363636363636;1511940;43670.807272727274;0;14.66181818181818;0;0;0;4178.530909090909;0;0;0
"2019-03-24T09:56:00+07:00";9.807272727272727;1511504;45100.68363636363;0;4.363636363636363;0;0;0;4200.901818181818;0;0;0
"2019-03-24T09:58:00+07:00";9.836363636363636;1512156;43849.54181818182;0;18.15272727272727;0;0;0;4339.52;0;0;0
"2019-03-24T10:00:00+07:00";9.978181818181817;1513024;43283.54909090909;0;32.058181818181815;0;0;0;4374.225454545454;0;0;0
"2019-03-24T10:02:00+07:00";9.229090909090909;1513548;38681.134545454544;0;47.88363636363636;0;0;0;4782.021818181818;0;0;0
"2019-03-24T10:04:00+07:00";9.574545454545454;1513956;40781.26545454545;0;38.341818181818184;0;0;0;5296.349090909091;0;0;0
"2019-03-24T10:06:00+07:00";9.756363636363636;1513272;42151.56363636363;0;45.090909090909086;0;0;0;5134.225454545454;0;0;0
"2019-03-24T10:08:00+07:00";9.116363636363635;1513580;39113.07636363636;0;45.090909090909086;0;0;0;4690.705454545454;0;0;0
"2019-03-24T10:10:00+07:00";9.345454545454546;1514544;38755.60727272727;0;14.66181818181818;0;0;0;4691.781818181818;0;0;0
"2019-03-24T10:12:00+07:00";9.087272727272726;1514760;37578.93818181818;0;10.298181818181817;0;0;0;4565.323636363636;0;0;0
"2019-03-24T10:14:00+07:00";9.614545454545453;1514788;40483.37454545454;0;8.727272727272727;0;0;0;5471.010909090909;0;0;0
"2019-03-24T10:16:00+07:00";9.181818181818182;1515500;38844.97454545454;0;25.48363636363636;0;0;0;6501.352727272727;0;0;0
"2019-03-24T10:18:00+07:00";9.149090909090908;1515908;39381.17818181818;551.0981818181817;25.48363636363636;2.036363636363636;0;0;6248.98909090909;0;0;0
"2019-03-24T10:20:00+07:00";9.523636363636363;1515720;40855.738181818175;551.0981818181817;5.934545454545455;2.036363636363636;0;0;4690.530909090909;0;0;0
"2019-03-24T10:22:00+07:00";9.756363636363636;1515532;41242.99636363636;0;8.727272727272727;0;0;0;4060.276363636363;0;0;0
"2019-03-24T10:24:00+07:00";9.938181818181818;1516400;41466.41454545454;0;8.727272727272727;0;0;0;4106.734545454545;0;0;0
"2019-03-24T10:26:00+07:00";9.407272727272726;1516988;39708.85818181818;0;13.09090909090909;0;0;0;3784;0;0;0
"2019-03-24T10:28:00+07:00";9.279999999999998;1517580;38934.34181818182;0;9.454545454545453;0;0;0;3616.6690909090908;0;0;0
"2019-03-24T10:30:00+07:00";9.672727272727272;1517428;40974.89454545455;0;21.323636363636364;0;0;0;4176.872727272727;0;0;0
"2019-03-24T10:32:00+07:00";9.567272727272728;1517368;40066.32727272727;0;17.047272727272727;0;0;0;4292.683636363636;0;0;0
"2019-03-24T10:34:00+07:00";9.065454545454546;1517960;38189.61454545455;0;18.50181818181818;0;0;0;4299.7527272727275;0;0;0
"2019-03-24T10:36:00+07:00";9.076363636363636;1518024;38502.4;0;13.323636363636364;0;0;0;3957.847272727272;0;0;0
"2019-03-24T10:38:00+07:00";9.534545454545452;1518136;40140.8;0;18.036363636363635;0;0;0;3655.272727272727;0;0;0
"2019-03-24T10:40:00+07:00";9.530909090909091;1521868;39232.23272727272;0;10.298181818181817;0;0;0;3358.661818181818;0;0;0
"2019-03-24T10:42:00+07:00";9.65090909090909;1521528;39142.86545454545;0;0;0;0;0;3477.701818181818;0;0;0
"2019-03-24T10:44:00+07:00";9.738181818181818;1522176;40319.534545454546;0;6.429090909090909;0;0;0;3535.970909090909;0;0;0
"2019-03-24T10:46:00+07:00";9.585454545454546;1519884;40170.58909090909;0;10.792727272727271;0;0;0;3956.829090909091;0;0;0
"2019-03-24T10:48:00+07:00";9.734545454545453;1520160;40840.843636363636;0;15.156363636363636;0;0;0;4438.08;0;0;0
"2019-03-24T10:50:00+07:00";9.749090909090908;1520472;40825.94909090909;0;11.345454545454546;0;0;0;4100.043636363636;0;0;0
"2019-03-24T10:52:00+07:00";9.647272727272727;1520848;40825.94909090909;0;6.9818181818181815;0;0;0;3929.9781818181814;0;0;0
"2019-03-24T10:54:00+07:00";9.334545454545452;1520720;39336.494545454545;0;7.505454545454545;0;0;0;4076.8872727272724;0;0;0
"2019-03-24T10:56:00+07:00";9.279999999999998;1520936;38993.92;0;16.698181818181816;0;0;0;4101.847272727272;0;0;0
"2019-03-24T10:58:00+07:00";9.396363636363636;1521776;39947.170909090906;0;19.84;0;0;0;4084.014545454545;0;0;0
"2019-03-24T11:00:00+07:00";9.243636363636362;1521996;38100.24727272727;0;17.454545454545453;0;0;0;3726.4581818181814;0;0;0
"2019-03-24T11:02:00+07:00";9.232727272727272;1522240;37995.98545454545;0;28.916363636363634;0;0;0;3769.250909090909;0;0;0
"2019-03-24T11:04:00+07:00";9.429090909090908;1522116;39604.59636363636;0;32.407272727272726;0;0;0;3900.189090909091;0;0;0
"2019-03-24T11:06:00+07:00";10.043636363636363;1522268;42434.55999999999;0;66.38545454545455;0;0;0;4279.970909090909;0;0;0
"2019-03-24T11:08:00+07:00";10.036363636363635;1522052;41421.730909090904;0;60.101818181818174;0;0;0;4060.218181818181;0;0;0
"2019-03-24T11:10:00+07:00";9.727272727272727;1522676;40259.95636363636;0;15.883636363636363;0;0;0;3528.843636363636;0;0;0
"2019-03-24T11:12:00+07:00";9.909090909090908;1522860;41734.51636363636;0;14.66181818181818;0;0;0;3889.28;0;0;0
"2019-03-24T11:14:00+07:00";9.378181818181817;1524164;40185.483636363635;0;20.596363636363634;0;0;0;4336.901818181818;0;0;0
"2019-03-24T11:16:00+07:00";9.454545454545453;1524412;39500.33454545454;0;23.73818181818182;2.036363636363636;0;0;4478.021818181818;0;0;0
"2019-03-24T11:18:00+07:00";9.523636363636363;1524504;40885.527272727275;0;19.025454545454544;2.036363636363636;0;0;4547.316363636363;0;0;0
"2019-03-24T11:20:00+07:00";9.461818181818181;1524040;40066.32727272727;0;14.31272727272727;2.036363636363636;0;0;4351.36;0;0;0
"2019-03-24T11:22:00+07:00";9.258585829199822;1524444;38087.01470609627;327.69429938760965;24.08832385413182;0;0;0;4057.660697921364;0;0;0
"2019-03-24T11:24:00+07:00";10.054545454545455;1525280;41079.156363636364;327.68;40.72727272727273;0;0;0;4253.090909090909;0;0;0
"2019-03-24T11:26:00+07:00";9.709090909090907;1525340;39783.3309090909;0;42.29818181818182;0;0;0;4095.709090909091;0;0;0
"2019-03-24T11:28:00+07:00";9.698181818181816;1525588;40125.90545454545;0;34.79272727272727;0;0;0;4078.1381818181812;0;0;0
"2019-03-24T11:30:00+07:00";9.836363636363636;1525652;40513.163636363635;0;17.803636363636365;0;0;0;4198.690909090909;0;0;0
"2019-03-24T11:32:00+07:00";9.392727272727273;1525556;38934.34181818182;0;27.025454545454544;0;0;0;4016.7854545454543;0;0;0
"2019-03-24T11:34:00+07:00";9.527272727272726;1526396;39753.54181818182;0;16.727272727272727;0;0;0;4042.6181818181813;0;0;0
"2019-03-24T11:36:00+07:00";9.814545454545454;1526736;40438.6909090909;0;8.727272727272727;0;0;0;3927.970909090909;0;0;0
"2019-03-24T11:38:00+07:00";9.589090909090908;1526920;40051.432727272724;0;8.727272727272727;0;0;0;3795.5781818181813;0;0;0
"2019-03-24T11:40:00+07:00";9.912727272727272;1527180;41168.523636363636;0;13.09090909090909;0;0;0;4200.96;0;0;0
"2019-03-24T11:42:00+07:00";9.654545454545454;1526980;40587.63636363636;0;20.94545454545454;0;0;0;4368.349090909091;0;0;0
"2019-03-24T11:44:00+07:00";9.429090909090908;1527600;39976.96;0;16.58181818181818;0;0;0;4701.352727272727;0;0;0
"2019-03-24T11:46:00+07:00";9.338181818181818;1527728;38859.86909090909;0;19.374545454545455;0;0;0;4991.185454545454;0;0;0
"2019-03-24T11:48:00+07:00";9.785454545454543;1527852;39813.12;0;19.374545454545455;0;0;0;4853.410909090909;0;0;0
"2019-03-24T11:50:00+07:00";9.821818181818182;1527760;39574.807272727274;0;19.723636363636363;0;0;0;5082.443636363636;0;0;0
"2019-03-24T11:52:00+07:00";9.949090909090907;1528012;40960;0;17.047272727272727;0;0;0;5043.112727272727;0;0;0
"2019-03-24T11:54:00+07:00";9.538181818181817;1528820;39410.96727272727;0;22.98181818181818;0;0;0;4341.992727272727;0;0;0
"2019-03-24T11:56:00+07:00";9.276363636363635;1529008;38830.08;0;28.450909090909086;0;0;0;3845.410909090909;0;0;0
"2019-03-24T11:58:00+07:00";9.14181818181818;1529348;37712.98909090909;0;21.643636363636364;0;0;0;3535.185454545454;0;0;0
"2019-03-24T12:00:00+07:00";9.578181818181816;1529720;39991.854545454546;0;15.709090909090907;0;0;0;3768.4072727272724;0;0;0
"2019-03-24T12:02:00+07:00";9.552727272727273;1529812;41049.36727272727;0;46.196363636363635;12.043636363636363;0;0;4093.294545454545;23.039999999999996;0;0
"2019-03-24T12:04:00+07:00";9.745454545454544;1530584;41511.098181818175;0;37.992727272727265;12.043636363636363;0;0;4676.770909090909;23.039999999999996;0;0
"2019-03-24T12:06:00+07:00";9.345454545454546;1531144;39142.86545454545;0;52.770909090909086;0;0;0;4438.74909090909;0;0;0
"2019-03-24T12:08:00+07:00";9.414545454545454;1531084;42106.88;0;71.68;0;0;0;4796.916363636363;0;0;0
"2019-03-24T12:10:00+07:00";9.247272727272726;1530708;42121.774545454544;0;29.614545454545453;0;0;0;4157.76;0;0;0
"2019-03-24T12:12:00+07:00";9.716363636363637;1531124;45130.472727272725;0;231.33090909090907;0;0;0;4961.018181818181;0;0;0
"2019-03-24T12:14:00+07:00";9.44;1531516;41823.88363636364;0;242.32727272727269;2.036363636363636;0;0;5177.687272727272;0;0;0
"2019-03-24T12:16:00+07:00";10.065454545454545;1531700;41421.730909090904;0;19.52;2.036363636363636;0;0;4934.487272727272;0;0;0
"2019-03-24T12:18:00+07:00";9.509090909090908;1532044;40394.00727272727;0;5.876363636363636;2.036363636363636;0;0;4129.018181818181;0;0;0
"2019-03-24T12:20:00+07:00";9.865454545454543;1532072;41525.99272727272;0;13.381818181818181;0;0;0;3755.2;0;0;0
"2019-03-24T12:22:00+07:00";9.389090909090909;1532384;39604.59636363636;0;16.23272727272727;0;0;0;3492.130909090909;0;0;0
"2019-03-24T12:24:00+07:00";9.894545454545455;1532540;40438.6909090909;0;15.883636363636363;0;0;0;3713.570909090909;0;0;0
"2019-03-24T12:26:00+07:00";10.156363636363636;1532976;41943.04;0;19.083636363636362;0;0;0;4008.6690909090908;0;0;0
"2019-03-24T12:28:00+07:00";9.305454545454545;1533320;38979.02545454545;0;24.145454545454545;0;0;0;3887.476363636363;0;0;0
"2019-03-24T12:30:00+07:00";9.789090909090907;1533688;41377.04727272727;0;25.367272727272727;0;0;0;3843.025454545454;0;0;0
"2019-03-24T12:32:00+07:00";9.654545454545454;1534092;40170.58909090909;0;8.727272727272727;0;0;0;3713.192727272727;0;0;0
"2019-03-24T12:34:00+07:00";9.407272727272726;1538584;39291.810909090906;0;4.363636363636363;0;0;0;3816.581818181818;0;0;0
"2019-03-24T12:36:00+07:00";9.34181818181818;1538088;38696.02909090909;0;3.84;0;0;0;4095.418181818181;0;0;0
"2019-03-24T12:38:00+07:00";9.465454545454547;1538900;40736.58181818182;0;95.53454545454545;0;0;0;6929.425454545454;0;0;0
"2019-03-24T12:40:00+07:00";9.687272727272726;1538772;40587.63636363636;0;100.42181818181817;0;0;0;7461.14909090909;0;0;0
"2019-03-24T12:42:00+07:00";9.807272727272727;1535672;40423.796363636364;0;13.09090909090909;0;0;0;4713.803636363636;0;0;0
"2019-03-24T12:44:00+07:00";9.738181818181818;1535452;39828.01454545454;0;24.20363636363636;0;0;0;3610.7345454545452;0;0;0
"2019-03-24T12:46:00+07:00";9.64;1535640;38979.02545454545;0;15.476363636363637;0;0;0;3559.476363636363;0;0;0
"2019-03-24T12:48:00+07:00";9.519999999999998;1535640;39217.33818181818;0;13.149090909090908;0;0;0;3764.8872727272724;0;0;0
"2019-03-24T12:50:00+07:00";9.26181818181818;1535048;39217.33818181818;0;15.127272727272727;0;0;0;3686.429090909091;0;0;0
"2019-03-24T12:52:00+07:00";9.276363636363635;1535328;40111.0109090909;0;17.425454545454542;0;0;0;3544.378181818181;0;0;0
"2019-03-24T12:54:00+07:00";9.86181818181818;1536600;41242.99636363636;0;15.854545454545454;0;0;0;3727.389090909091;0;0;0
"2019-03-24T12:56:00+07:00";9.636363636363637;1536320;39157.76;0;10.792727272727271;0;0;0;3315.8981818181815;0;0;0
"2019-03-24T12:58:00+07:00";9.723636363636365;1538428;40379.112727272724;342.57454545454544;10.792727272727271;0;0;0;3302.0799999999995;0;0;0
"2019-03-24T13:00:00+07:00";9.54181818181818;1539208;39723.752727272724;342.57454545454544;8.727272727272727;0;0;0;3546.996363636363;0;0;0
"2019-03-24T13:02:00+07:00";9.963636363636363;1539480;39917.38181818181;342.57454545454544;14.66181818181818;0;0;0;3798.632727272727;0;0;0
"2019-03-24T13:04:00+07:00";9.530909090909091;1540764;38323.66545454545;0;22.167272727272728;0;0;0;3474.5890909090904;0;0;0
"2019-03-24T13:06:00+07:00";9.978181818181817;1540744;41287.68;0;136.6690909090909;0;0;0;3820.509090909091;0;0;0
"2019-03-24T13:08:00+07:00";9.429090909090908;1540840;41928.14545454545;0;127.94181818181816;0;0;0;3497.832727272727;0;0;0
"2019-03-24T13:10:00+07:00";9.37090909090909;1541124;41674.93818181818;0;139.63636363636363;0;0;0;3495.970909090909;0;0;0
"2019-03-24T13:12:00+07:00";9.29090909090909;1541848;38487.50545454545;0;29.498181818181813;2.036363636363636;0;0;3443.5781818181817;0;0;0
"2019-03-24T13:14:00+07:00";9.738181818181818;1541652;39738.64727272727;0;40.61090909090909;2.036363636363636;0;0;4889.3381818181815;0;0;0
"2019-03-24T13:16:00+07:00";9.378181818181817;1541592;39023.70909090909;134.05090909090907;25.25090909090909;0;0;0;4676.305454545454;0;0;0
"2019-03-24T13:18:00+07:00";9.418181818181818;1541964;40334.429090909085;134.05090909090907;18.676363636363632;0;0;0;3769.570909090909;0;0;0
"2019-03-24T13:20:00+07:00";9.272727272727272;1542000;39947.170909090906;134.05090909090907;23.389090909090907;0;0;0;3432.465454545454;0;0;0
"2019-03-24T13:22:00+07:00";9.523636363636363;1542276;39604.59636363636;0;26.269090909090906;0;0;0;3675.665454545454;0;0;0
"2019-03-24T13:24:00+07:00";9.581818181818182;1542800;38934.34181818182;0;35.345454545454544;0;0;0;5809.919999999999;0;0;0
"2019-03-24T13:26:00+07:00";9.425454545454544;1542864;38621.55636363636;0;55.44727272727272;0;0;0;5859.432727272727;0;0;0
"2019-03-24T13:28:00+07:00";9.898181818181817;1543816;41496.203636363636;0;59.141818181818174;0;0;0;5369.309090909091;0;0;0
"2019-03-24T13:30:00+07:00";9.556363636363637;1543824;40200.378181818174;0;22.749090909090906;0;0;0;4009.483636363636;0;0;0
"2019-03-24T13:32:00+07:00";9.734545454545453;1543948;39664.174545454545;0;8.727272727272727;0;0;0;3959.738181818181;0;0;0
"2019-03-24T13:34:00+07:00";9.589090909090908;1544508;39068.39272727272;0;22.167272727272728;0;0;0;3927.912727272727;0;0;0
"2019-03-24T13:36:00+07:00";9.69090909090909;1544632;39604.59636363636;0;31.94181818181818;0;0;0;3851.781818181818;0;0;0
"2019-03-24T13:38:00+07:00";9.334545454545452;1544872;39679.06909090909;0;24.436363636363634;0;0;0;3693.0327272727272;0;0;0
"2019-03-24T13:40:00+07:00";9.61090909090909;1545344;40930.21090909091;0;13.09090909090909;0;0;0;3930.065454545454;0;0;0
"2019-03-24T13:42:00+07:00";9.225454545454545;1545904;38874.763636363634;0;20.94545454545454;0;0;0;4101.701818181818;0;0;0
"2019-03-24T13:44:00+07:00";9.279999999999998;1544908;37966.19636363636;0;31.069090909090907;0;0;0;4095.68;0;0;0
"2019-03-24T13:46:00+07:00";9.727272727272727;1543668;38949.23636363636;0;19.665454545454544;0;0;0;3723.170909090909;0;0;0
"2019-03-24T13:48:00+07:00";9.476363636363637;1544044;39157.76;0;22.98181818181818;0;0;0;3500.276363636363;0;0;0
"2019-03-24T13:50:00+07:00";9.389090909090909;1545680;39336.494545454545;0;22.167272727272728;0;0;0;3448.7854545454543;0;0;0
"2019-03-24T13:52:00+07:00";9.49090909090909;1545684;38993.92;0;14.66181818181818;0;0;0;3515.607272727272;0;0;0
"2019-03-24T13:54:00+07:00";9.66181818181818;1545840;39396.07272727272;0;14.66181818181818;0;0;0;3588.247272727272;0;0;0
"2019-03-24T13:56:00+07:00";9.683636363636362;1545992;38606.66181818182;0;17.803636363636365;0;0;0;3063.2145454545453;0;0;0
"2019-03-24T13:58:00+07:00";9.818181818181818;1546552;40170.58909090909;0;8.727272727272727;0;0;0;3019.461818181818;0;0;0
"2019-03-24T14:00:00+07:00";9.414545454545454;1547108;38621.55636363636;0;11.86909090909091;0;0;0;3366.050909090909;0;0;0
"2019-03-24T14:02:00+07:00";9.581818181818182;1547520;38725.81818181818;476.6254545454545;16.58181818181818;0;0;0;3741.061818181818;0;0;0
"2019-03-24T14:04:00+07:00";9.679999999999998;1547316;39947.170909090906;476.6254545454545;24.087272727272726;0;0;0;3878.749090909091;0;0;0
"2019-03-24T14:06:00+07:00";9.210909090909091;1547800;37474.67636363636;0;14.66181818181818;0;0;0;3694.021818181818;0;0;0
"2019-03-24T14:08:00+07:00";9.949090909090907;1548748;41049.36727272727;0;22.98181818181818;0;0;0;4306.618181818181;0;0;0
"2019-03-24T14:10:00+07:00";9.509090909090908;1548728;39857.803636363635;0;63.709090909090904;0;0;0;4044.509090909091;0;0;0
"2019-03-24T14:12:00+07:00";9.483636363636363;1548460;39813.12;0;47.88363636363636;2.036363636363636;0;0;3751.505454545454;0;0;0
"2019-03-24T14:14:00+07:00";9.603636363636364;1548480;39351.38909090909;0;22.836363636363632;2.036363636363636;0;0;3826.181818181818;0;0;0
"2019-03-24T14:16:00+07:00";9.821818181818182;1548484;39634.38545454545;0;24.407272727272726;2.036363636363636;0;0;3827.3454545454542;0;0;0
"2019-03-24T14:18:00+07:00";9.599999999999998;1548764;39813.12;297.8909090909091;9.774545454545454;0;0;0;3507.432727272727;0;0;0
"2019-03-24T14:20:00+07:00";9.574545454545454;1549012;40557.847272727275;297.8909090909091;26.47272727272727;0;0;0;3781.6436363636362;0;0;0
"2019-03-24T14:22:00+07:00";9.545454545454547;1549412;40096.11636363636;0;25.774545454545454;0;0;0;4007.767272727272;0;0;0
"2019-03-24T14:24:00+07:00";10.163636363636362;1549568;41660.04363636363;0;24.087272727272726;0;0;0;4628.072727272727;0;0;0
"2019-03-24T14:26:00+07:00";9.65090909090909;1550000;39455.6509090909;0;28.450909090909086;0;0;0;4292.305454545454;0;0;0
"2019-03-24T14:28:00+07:00";9.785454545454543;1550188;40900.421818181814;0;25.30909090909091;0;0;0;4363.985454545455;0;0;0
"2019-03-24T14:30:00+07:00";9.927272727272726;1550848;41108.94545454545;0;20.94545454545454;0;0;0;4455.36;0;0;0
"2019-03-24T14:32:00+07:00";9.781818181818181;1551464;40170.58909090909;0;27.46181818181818;0;0;0;4432.785454545454;0;0;0
"2019-03-24T14:34:00+07:00";9.519999999999998;1552212;38725.81818181818;0;17.163636363636364;0;0;0;4103.1563636363635;0;0;0
"2019-03-24T14:36:00+07:00";9.152727272727272;1552084;36685.26545454545;0;13.789090909090907;0;0;0;3668.4218181818183;0;0;0
"2019-03-24T14:38:00+07:00";9.709090909090907;1552024;39545.01818181818;0;22.516363636363632;0;0;0;3992.232727272727;0;0;0
"2019-03-24T14:40:00+07:00";9.883636363636363;1552424;40185.483636363635;0;15.01090909090909;0;0;0;4150.72;0;0;0
"2019-03-24T14:42:00+07:00";9.54181818181818;1552520;38755.60727272727;0;8.872727272727271;0;0;0;4163.316363636363;0;0;0
"2019-03-24T14:44:00+07:00";9.876363636363637;1553048;40304.64;0;7.65090909090909;0;0;0;4252.334545454545;0;0;0
"2019-03-24T14:46:00+07:00";10.152727272727272;1553416;40483.37454545454;0;7.505454545454545;0;0;0;3861.469090909091;0;0;0
"2019-03-24T14:48:00+07:00";9.876363636363637;1553516;39902.487272727274;0;16.58181818181818;0;0;0;3818.996363636363;0;0;0
"2019-03-24T14:50:00+07:00";9.494545454545454;1553452;39276.91636363636;0;15.36;0;0;0;3710.4872727272723;0;0;0
"2019-03-24T14:52:00+07:00";9.945454545454544;1554012;41391.94181818182;0;27.170909090909092;0;0;0;3456.1745454545453;0;0;0
"2019-03-24T14:54:00+07:00";9.494545454545454;1554216;39262.02181818182;0;17.745454545454542;0;0;0;3362.3272727272724;0;0;0
"2019-03-24T14:56:00+07:00";9.999999999999998;1559564;39693.96363636363;0;7.156363636363635;0;0;0;3525.963636363636;0;0;0
"2019-03-24T14:58:00+07:00";9.658181818181818;1559748;40036.53818181818;0;10.298181818181817;0;0;0;3776.727272727272;0;0;0
"2019-03-24T15:00:00+07:00";9.934545454545452;1559808;41123.84;0;5.934545454545455;0;0;0;4491.781818181818;0;0;0
"2019-03-24T15:02:00+07:00";9.679999999999998;1560152;40066.32727272727;0;15.069090909090907;0;0;0;4324.887272727272;0;0;0
"2019-03-24T15:04:00+07:00";9.029090909090908;1556272;38234.29818181818;0;17.86181818181818;0;0;0;3650.88;0;0;0
"2019-03-24T15:06:00+07:00";9.494545454545454;1556332;39142.86545454545;0;11.86909090909091;0;0;0;3848.32;0;0;0
"2019-03-24T15:08:00+07:00";9.279999999999998;1556552;39068.39272727272;0;78.72;0;0;0;4347.781818181818;0;0;0
"2019-03-24T15:10:00+07:00";9.196363636363635;1556644;39336.494545454545;0;75.92727272727272;0;0;0;4663.534545454545;0;0;0
"2019-03-24T15:12:00+07:00";9.378181818181817;1556864;40155.69454545454;0;25.30909090909091;0;0;0;4935.825454545454;0;0;0
"2019-03-24T15:14:00+07:00";9.749090909090908;1557108;40542.95272727272;0;28.10181818181818;0;0;0;4497.018181818181;0;0;0
"2019-03-24T15:16:00+07:00";9.589090909090908;1557576;39351.38909090909;0;29.672727272727272;0;0;0;4040.32;0;0;0
"2019-03-24T15:18:00+07:00";9.479999999999999;1557328;40617.425454545446;0;31.24363636363636;2.036363636363636;0;0;3860.858181818181;0;0;0
"2019-03-24T15:20:00+07:00";9.418181818181818;1558136;40021.64363636363;0;25.30909090909091;2.036363636363636;0;0;4077.061818181818;0;0;0
"2019-03-24T15:22:00+07:00";9.425454545454544;1558536;39932.27636363636;342.57454545454544;20.94545454545454;2.036363636363636;0;0;4133.585454545454;0;0;0
"2019-03-24T15:24:00+07:00";9.418181818181818;1558752;39038.60363636363;342.57454545454544;28.8;0;0;0;4390.167272727273;0;0;0
"2019-03-24T15:26:00+07:00";9.665454545454546;1558876;40557.847272727275;0;19.2;0;0;0;4536.3781818181815;0;0;0
"2019-03-24T15:28:00+07:00";9.385454545454547;1559436;40230.167272727274;0;13.06181818181818;0;0;0;4307.141818181818;0;0;0
"2019-03-24T15:30:00+07:00";9.658181818181818;1559680;40319.534545454546;0;12.567272727272726;0;0;0;4114.909090909091;0;0;0
"2019-03-24T15:32:00+07:00";9.723636363636365;1559932;41064.26181818182;0;16.23272727272727;0;0;0;4165.410909090909;0;0;0
"2019-03-24T15:34:00+07:00";9.519999999999998;1560024;42717.55636363636;0;10.647272727272727;0;0;0;4029.352727272727;0;0;0
"2019-03-24T15:36:00+07:00";9.767272727272728;1560024;44996.421818181814;0;8.727272727272727;0;0;0;4137.425454545454;0;0;0
"2019-03-24T15:38:00+07:00";9.934545454545452;1560180;44519.796363636364;0;13.09090909090909;0;0;0;4285.556363636363;0;0;0
"2019-03-24T15:40:00+07:00";9.923636363636364;1560648;41421.730909090904;0;22.865454545454543;0;0;0;4943.127272727273;0;0;0
"2019-03-24T15:42:00+07:00";9.203636363636363;1560676;38174.72;0;27.229090909090907;0;0;0;4517.905454545454;0;0;0
"2019-03-24T15:44:00+07:00";9.629090909090909;1560744;43417.59999999999;0;13.09090909090909;0;0;0;4160.989090909091;0;0;0
"2019-03-24T15:46:00+07:00";9.287272727272725;1560960;42717.55636363636;0;10.763636363636364;0;0;0;4119.505454545454;0;0;0
"2019-03-24T15:48:00+07:00";9.723636363636365;1561148;43506.96727272727;0;6.3999999999999995;0;0;0;4250.152727272727;0;0;0
"2019-03-24T15:50:00+07:00";9.883636363636363;1561460;41883.461818181815;0;16.698181818181816;0;0;0;4409.512727272727;0;0;0
"2019-03-24T15:52:00+07:00";10.087272727272726;1561956;42345.19272727272;0;30.894545454545455;0;0;0;4274.181818181818;0;0;0
"2019-03-24T15:54:00+07:00";9.716363636363637;1562236;41198.31272727272;0;35.66545454545454;0;0;0;3982.312727272727;0;0;0
"2019-03-24T15:56:00+07:00";10.378181818181817;1562516;45175.156363636364;0;28.16;0;0;0;4047.505454545454;0;0;0
"2019-03-24T15:58:00+07:00";10.101818181818182;1562700;43387.810909090906;0;30.08;0;0;0;4056.96;0;0;0
"2019-03-24T16:00:00+07:00";9.818181818181818;1563256;40855.738181818175;0;23.214545454545455;0;0;0;3591.069090909091;0;0;0
"2019-03-24T16:02:00+07:00";10.116363636363635;1563788;41064.26181818182;0;15.36;0;0;0;3798.981818181818;0;0;0
"2019-03-24T16:04:00+07:00";9.66181818181818;1563844;38725.81818181818;0;10.996363636363634;0;0;0;3806.4;0;0;0
"2019-03-24T16:06:00+07:00";9.614545454545453;1564436;38293.87636363636;0;10.298181818181817;0;0;0;3787.9272727272723;0;0;0
"2019-03-24T16:08:00+07:00";9.716363636363637;1564592;39679.06909090909;0;34.61818181818182;0;0;0;4064.727272727272;0;0;0
"2019-03-24T16:10:00+07:00";10.858181818181817;1565040;47871.06909090909;59.57818181818181;486.2254545454545;0;0;0;6395.723636363636;0;0;0
"2019-03-24T16:12:00+07:00";11.225454545454545;1565164;49375.418181818175;59.57818181818181;476.91636363636366;0;0;0;6977.309090909091;0;0;0
"2019-03-24T16:14:00+07:00";9.84;1565380;40334.429090909085;0;19.374545454545455;0;0;0;4432.727272727272;0;0;0
"2019-03-24T16:16:00+07:00";9.679999999999998;1565596;39038.60363636363;0;18.47272727272727;0;0;0;4075.956363636363;0;0;0
"2019-03-24T16:18:00+07:00";10.185454545454544;1565628;41555.781818181815;0;18.47272727272727;0;0;0;4226.356363636363;0;0;0
"2019-03-24T16:20:00+07:00";9.876363636363637;1565880;40483.37454545454;0;10.298181818181817;0;0;0;3941.12;0;0;0
"2019-03-24T16:22:00+07:00";9.84;1566160;39038.60363636363;0;30.516363636363632;0;0;0;3124.4218181818183;0;0;0
"2019-03-24T16:24:00+07:00";10.025454545454544;1566532;40364.21818181818;0;28.94545454545454;2.036363636363636;0;0;2041.9490909090905;0;0;0
"2019-03-24T16:26:00+07:00";9.712727272727273;1566964;39664.174545454545;0;19.025454545454544;2.036363636363636;0;0;1733.992727272727;0;0;0
"2019-03-24T16:28:00+07:00";9.97090909090909;1567552;40215.27272727272;0;13.09090909090909;0;0;0;1752.901818181818;0;0;0
"2019-03-24T16:30:00+07:00";10.149090909090908;1567988;40855.738181818175;0;16.523636363636363;0;0;0;1716.130909090909;0;0;0
"2019-03-24T16:32:00+07:00";9.996363636363636;1567552;40230.167272727274;0;56.23272727272727;0;0;0;1825.6872727272726;9.94909090909091;0;0
"2019-03-24T16:34:00+07:00";9.585454545454546;1567568;39291.810909090906;0;55.709090909090904;0;0;0;1672.1163636363635;9.94909090909091;0;0
"2019-03-24T16:36:00+07:00";9.207272727272725;1567988;37847.04;0;3.84;0;0;0;1461.1490909090908;0;0;0
"2019-03-24T16:38:00+07:00";9.647272727272727;1568792;39976.96;0;21.03272727272727;0;0;0;1668.1890909090907;0;0;0
"2019-03-24T16:40:00+07:00";9.596363636363636;1569056;39619.490909090906;0;33.68727272727273;0;0;0;2574.283636363636;0;0;0
"2019-03-24T16:42:00+07:00";9.632727272727273;1568996;39574.807272727274;0;25.076363636363634;0;0;0;2949.963636363636;0;0;0
"2019-03-24T16:44:00+07:00";9.832727272727272;1569260;42792.02909090909;0;7.767272727272727;0;0;0;2338.9672727272728;0;0;0
"2019-03-24T16:46:00+07:00";9.81090909090909;1569352;45562.41454545454;0;11.112727272727271;0;0;0;2658.9963636363636;0;0;0
"2019-03-24T16:48:00+07:00";9.229090909090909;1569688;42062.19636363636;0;16.698181818181816;0;0;0;2968.814545454545;0;0;0
"2019-03-24T16:50:00+07:00";8.963603768713567;1570064;38472.47100919632;0;16.69812109774146;0;0;0;2950.534725328271;0;0;0
"2019-03-24T16:52:00+07:00";9.356363636363636;1569712;39887.59272727272;0;4.363636363636363;0;0;0;3085.061818181818;0;0;0
"2019-03-24T16:54:00+07:00";9.64;1569876;43700.59636363636;0;8.727272727272727;0;0;0;3418.705454545454;0;0;0
"2019-03-24T16:56:00+07:00";9.145454545454546;1569736;43730.38545454545;0;15.883636363636363;0;0;0;3168.1745454545453;0;0;0
"2019-03-24T16:58:00+07:00";9.723636363636365;1570264;44370.85090909091;0;28.450909090909086;0;0;0;3663.010909090909;0;0;0
"2019-03-24T17:00:00+07:00";9.829090909090908;1570640;41555.781818181815;0;35.66545454545454;0;0;0;4119.854545454545;0;0;0
"2019-03-24T17:02:00+07:00";9.981818181818182;1571012;41764.30545454545;0;20.654545454545453;0;0;0;4203.694545454545;0;0;0
"2019-03-24T17:04:00+07:00";9.349090909090908;1571016;41451.52;0;18.385454545454543;0;0;0;3966.574545454545;0;0;0
"2019-03-24T17:06:00+07:00";9.814545454545454;1571140;44698.53090909091;0;16.814545454545453;0;0;0;4447.243636363636;0;0;0
"2019-03-24T17:08:00+07:00";9.949090909090907;1571420;44549.58545454545;0;41.36727272727273;0;0;0;4287.214545454545;0;0;0
"2019-03-24T17:10:00+07:00";9.589090909090908;1571916;42315.40363636363;0;80.9890909090909;0;0;0;3937.28;0;0;0
"2019-03-24T17:12:00+07:00";9.45090909090909;1572488;40602.53090909091;0;66.38545454545455;0;0;0;3590.981818181818;0;0;0
"2019-03-24T17:14:00+07:00";9.527272727272726;1572660;42360.08727272727;0;9.94909090909091;0;0;0;3778.0072727272723;0;0;0
"2019-03-24T17:16:00+07:00";9.701818181818181;1572588;45130.472727272725;0;18.414545454545454;0;0;0;3953.134545454545;0;0;0
"2019-03-24T17:18:00+07:00";9.796363636363637;1573316;43313.33818181818;282.99636363636364;32.20363636363636;0;0;0;4030.283636363636;0;0;0
"2019-03-24T17:20:00+07:00";9.654545454545454;1573500;40736.58181818182;282.99636363636364;30.370909090909088;0;0;0;4068.3054545454543;0;0;0
"2019-03-24T17:22:00+07:00";9.56;1573836;41257.89090909091;0;35.08363636363636;2.036363636363636;0;0;4276.8;0;0;0
"2019-03-24T17:24:00+07:00";9.396363636363636;1574148;42106.88;0;27.578181818181815;2.036363636363636;0;0;3839.970909090909;0;0;0
"2019-03-24T17:26:00+07:00";9.301818181818183;1573900;42166.458181818176;0;18.15272727272727;0;0;0;3212.450909090909;0;0;0
"2019-03-24T17:28:00+07:00";9.879999999999999;1574552;43849.54181818182;0;13.439999999999998;0;0;0;3188.014545454545;0;0;0
"2019-03-24T17:30:00+07:00";9.269090909090908;1574708;40170.58909090909;0;7.156363636363635;0;0;0;3004.1599999999994;0;0;0
"2019-03-24T17:32:00+07:00";9.836363636363636;1575180;41362.15272727272;0;7.156363636363635;0;0;0;3311.3599999999997;0;0;0
"2019-03-24T17:34:00+07:00";9.825454545454544;1575200;40691.89818181818;0;20.596363636363634;0;0;0;3683.6945454545453;0;0;0
"2019-03-24T17:36:00+07:00";9.843636363636362;1575684;40036.53818181818;0;25.30909090909091;0;0;0;4103.098181818181;0;0;0
"2019-03-24T17:38:00+07:00";9.930909090909092;1575916;40051.432727272724;0;28.450909090909086;0;0;0;4116.421818181818;0;0;0
"2019-03-24T17:40:00+07:00";9.403636363636364;1575480;37504.46545454545;0;22.516363636363632;0;0;0;3659.752727272727;0;0;0
"2019-03-24T17:42:00+07:00";9.476363636363637;1575692;39172.65454545454;0;13.09090909090909;0;0;0;3655.5636363636363;0;0;0
"2019-03-24T17:44:00+07:00";9.279999999999998;1576512;40453.58545454545;0;31.767272727272726;0;0;0;3395.025454545454;0;0;0
"2019-03-24T17:46:00+07:00";9.487272727272726;1576608;40319.534545454546;0;41.13454545454545;0;0;0;3348.5672727272727;0;0;0
"2019-03-24T17:48:00+07:00";9.738181818181818;1576856;40945.105454545446;0;28.74181818181818;0;0;0;3159.883636363636;0;0;0
"2019-03-24T17:50:00+07:00";9.465454545454547;1576856;40691.89818181818;0;12.334545454545454;0;0;0;2861.2072727272725;0;0;0
"2019-03-24T17:52:00+07:00";8.719999999999999;1583924;39157.76;0;4.363636363636363;0;0;0;2894.2254545454543;0;0;0
"2019-03-24T17:54:00+07:00";8.727272727272727;1584920;38710.92363636363;0;25.658181818181816;0;0;0;3507.0836363636363;0;0;0
"2019-03-24T17:56:00+07:00";8.898181818181817;1584860;39366.28363636363;0;34.734545454545454;0;0;0;3935.476363636363;0;0;0
"2019-03-24T17:58:00+07:00";9.018181818181818;1585664;41198.31272727272;0;19.723636363636363;0;0;0;3668.043636363636;0;0;0
"2019-03-24T18:00:00+07:00";9.087272727272726;1580340;41436.62545454545;0;13.439999999999998;0;0;0;3369.6872727272726;0;0;0
"2019-03-24T18:02:00+07:00";8.869090909090907;1580780;39232.23272727272;0;32.058181818181815;0;0;0;3150.5163636363636;0;0;0
"2019-03-24T18:04:00+07:00";9.279999999999998;1580672;40230.167272727274;0;30.836363636363632;0;0;0;2971.6363636363635;0;0;0
"2019-03-24T18:06:00+07:00";9.378181818181817;1580760;40960;0;7.505454545454545;0;0;0;3000.4654545454546;0;0;0
"2019-03-24T18:08:00+07:00";9.29090909090909;1580948;42806.92363636363;268.10181818181815;55.85454545454545;0;0;0;2923.170909090909;0;0;0
"2019-03-24T18:10:00+07:00";9.167272727272728;1581508;41228.101818181814;268.10181818181815;55.85454545454545;0;0;0;2660.1599999999994;0;0;0
"2019-03-24T18:12:00+07:00";9.09090909090909;1581664;39664.174545454545;0;11.86909090909091;0;0;0;2392.32;0;0;0
"2019-03-24T18:14:00+07:00";9.279999999999998;1581536;42613.29454545455;0;14.66181818181818;0;0;0;2589.0327272727272;0;0;0
"2019-03-24T18:16:00+07:00";9.014545454545454;1582376;41600.46545454545;0;24.05818181818182;0;0;0;3733.5272727272722;0;0;0
"2019-03-24T18:18:00+07:00";9.374545454545453;1582500;40394.00727272727;0;28.770909090909086;0;0;0;4407.563636363636;0;0;0
"2019-03-24T18:20:00+07:00";9.487272727272726;1582620;40289.74545454545;0;52.48;0;0;0;3992.145454545454;0;0;0
"2019-03-24T18:22:00+07:00";9.814545454545454;1582996;41049.36727272727;0;34.00727272727273;0;0;0;2743.854545454545;0;0;0
"2019-03-24T18:24:00+07:00";9.894545454545455;1583188;39321.6;0;13.09090909090909;2.036363636363636;0;0;2970.850909090909;0;0;0
"2019-03-24T18:26:00+07:00";9.578181818181816;1583540;37817.25090909091;0;20.247272727272726;2.036363636363636;0;0;3335.4763636363637;0;0;0
"2019-03-24T18:28:00+07:00";10.429090909090908;1584148;41689.83272727272;0;22.167272727272728;0;0;0;3290.850909090909;0;0;0
"2019-03-24T18:30:00+07:00";10.109090909090908;1584208;39321.6;0;16.23272727272727;0;0;0;2781.5563636363636;0;0;0
"2019-03-24T18:32:00+07:00";10.203636363636363;1584368;41794.09454545454;0;11.519999999999998;0;0;0;3256.0290909090904;0;0;0
"2019-03-24T18:34:00+07:00";9.77090909090909;1584424;39872.698181818174;0;116.1309090909091;0;0;0;4601.047272727272;0;0;0
"2019-03-24T18:36:00+07:00";9.745454545454544;1583868;40051.432727272724;0;111.76727272727273;0;0;0;4551.854545454545;0;0;0
"2019-03-24T18:38:00+07:00";9.832727272727272;1584380;41630.25454545455;0;15.33090909090909;0;0;0;2998.021818181818;0;0;0
"2019-03-24T18:40:00+07:00";9.807272727272727;1584440;43551.6509090909;0;0;0;0;0;2296.4363636363637;0;0;0
"2019-03-24T18:42:00+07:00";9.414545454545454;1585048;42345.19272727272;0;0;0;0;0;2768.6690909090908;0;0;0
"2019-03-24T18:44:00+07:00";9.494545454545454;1584976;41198.31272727272;0;11.258181818181816;0;0;0;3086.574545454545;0;0;0
"2019-03-24T18:46:00+07:00";9.44;1585232;38606.66181818182;0;11.258181818181816;0;0;0;2928.3199999999997;0;0;0
"2019-03-24T18:48:00+07:00";9.421818181818182;1585572;40811.05454545454;0;11.985454545454544;0;0;0;2889.541818181818;0;0;0
"2019-03-24T18:50:00+07:00";9.156363636363636;1585824;42434.55999999999;0;11.985454545454544;0;0;0;3181.5563636363636;0;0;0
"2019-03-24T18:52:00+07:00";9.269090909090908;1586360;44207.0109090909;0;233.94909090909087;0;0;0;3825.92;0;0;0
"2019-03-24T18:54:00+07:00";9.61090909090909;1586008;43045.23636363636;0;265.16363636363633;0;0;0;3593.309090909091;0;0;0
"2019-03-24T18:56:00+07:00";9.869090909090907;1586628;40215.27272727272;0;39.94181818181818;0;0;0;2978.9672727272728;0;0;0
"2019-03-24T18:58:00+07:00";9.901818181818182;1586940;39574.807272727274;0;39.94181818181818;0;0;0;3057.9781818181814;0;0;0
"2019-03-24T19:00:00+07:00";10.174545454545454;1586660;42062.19636363636;0;8.727272727272727;0;0;0;3159.1272727272726;0;0;0
"2019-03-24T19:02:00+07:00";9.629090909090909;1586908;41228.101818181814;0;14.66181818181818;0;0;0;2914.152727272727;0;0;0
"2019-03-24T19:04:00+07:00";9.81090909090909;1587012;40259.95636363636;0;13.09090909090909;0;0;0;2718.8654545454547;0;0;0
"2019-03-24T19:06:00+07:00";9.76;1586816;39500.33454545454;0;5.585454545454545;0;0;0;2645.9927272727273;0;0;0
"2019-03-24T19:08:00+07:00";9.712727272727273;1588024;39932.27636363636;0;31.709090909090907;0;0;0;2687.7381818181816;0;0;0
"2019-03-24T19:10:00+07:00";9.927272727272726;1588176;41228.101818181814;0;72.43636363636362;0;0;0;2846.8654545454547;0;0;0
"2019-03-24T19:12:00+07:00";9.432727272727272;1588984;37981.090909090904;0;45.090909090909086;0;0;0;2942.7490909090907;0;0;0
"2019-03-24T19:14:00+07:00";10.021818181818182;1589016;40557.847272727275;0;4.363636363636363;0;0;0;2862.3999999999996;0;0;0
"2019-03-24T19:16:00+07:00";9.432727272727272;1588424;39366.28363636363;0;2.7927272727272725;0;0;0;2689.6872727272726;0;0;0
"2019-03-24T19:18:00+07:00";7.650409813333335;1588660;33683.40433578667;460.8246852266667;2.70014464;0;0;0;2239.8543584;0;0;0